Player,School,Conference,QBR
Cade McNown,UCLA,Pac-10,166.0
Ryan Leaf,Washington State,Pac-10,158.7
John Dutton,Nevada,Big West,156.7
Donovan McNabb,Syracuse,Big East,154.0
Mike Bobo,Georgia,SEC,155.8
Moses Moreno,Colorado State,WAC,153.5
Brock Huard,Washington,Pac-10,156.4
Joe Germaine,Ohio State,Big Ten,151.9
Mike McQueary,Penn State,Big Ten,145.0
Corby Jones,Missouri,Big 12,140.8
Jason Maas,Oregon,Pac-10,152.1
Joe Hamilton,Georgia Tech,ACC,146.6
Thad Busby,Florida State,ACC,147.7
Aaron Brooks,Virginia,ACC,151.0
Graham Leigh,New Mexico,WAC,153.6
Michael Bishop,Kansas State,Big 12,128.5
Tim Rattay,Louisiana Tech,Ind,149.1
Chad Pennington,Marshall,MAC,150.4
Dameyune Craig,Auburn,SEC,130.2
Daunte Culpepper,UCF,Ind,146.9
Tim Lester,Western Michigan,MAC,137.9
Peyton Manning,Tennessee,SEC,147.7
Chris Keldorf,North Carolina,ACC,136.6
Jamie Barnette,North Carolina State,ACC,134.3
Ryan Clement,Miami (FL),Big East,128.6
John Fitzgerald,Tulsa,WAC,121.5
Billy Dicken,Purdue,Big Ten,128.9
Matt Sauk,Utah State,Big West,123.3
Pete Gonzalez,Pitt,Big East,146.7
Pat Bonner,Temple,Big East,117.4
Al Clark,Virginia Tech,Big East,136.0
Charlie Batch,Eastern Michigan,MAC,132.8
Stewart Patridge,Ole Miss,SEC,135.7
Sam Ricketts,Miami (OH),MAC,132.1
Marc Bulger,West Virginia,Big East,131.7
Nealon Greene,Clemson,ACC,138.1
Herb Tyler,LSU,SEC,133.4
Doug Johnson,Florida,SEC,135.0
Mike Samuel,Wisconsin,Big Ten,118.4
Oscar Davenport,North Carolina,ACC,135.5
Jose Davis,Kent State,MAC,136.7
Brian Griese,Michigan,Big Ten,138.2
John Hessler,Colorado,Big 12,119.3
Matt Hasselbeck,Boston College,Big East,128.6
Lee Jolly,UAB,Ind,123.8
Branndon Stewart,Texas A&M,Big 12,130.6
Josh Skinner,Hawaii,WAC,108.6
Ryan Kealy,Arizona State,Pac-10,126.9
Jonathan Crosswhite,Utah,WAC,123.9
Jake Josetti,Ball State,MAC,116.4
Tim Couch,Kentucky,SEC,141.4
Shaun King,Tulane,CUSA,128.3
Bernard Oden,Memphis,CUSA,120.4
Ortege Jenkins,Arizona,Pac-10,131.0
Justin Vedder,California,Pac-10,125.0
Brian Brennan,Idaho,Big West,128.7
Brian Kuklick,Wake Forest,ACC,128.4
Ron Powlus,Notre Dame,Ind,124.9
Chris Redman,Louisville,CUSA,123.8
Jon Denton,UNLV,WAC,118.1
Tim Crowley,Central Michigan,MAC,108.9
John Fox,USC,Pac-10,121.3
Tim Hughes,Northwestern,Big Ten,119.5
Brian Cummings,Maryland,ACC,126.6
Akili Smith,Oregon,Pac-10,126.6
Chris Wallace,Toledo,MAC,127.3
Jason Mills,North Texas,Big West,119.2
Matt Wyatt,Mississippi State,SEC,97.9
Todd Bandhauer,Iowa State,Big 12,117.4
Chad Hutchinson,Stanford,Pac-10,120.2
Todd Schultz,Michigan State,Big Ten,124.0
Bob Niemet,Bowling Green State,MAC,112.6
Anthony Wright,South Carolina,SEC,130.9
Cory Sauter,Minnesota,Big Ten,114.0
Clint Stoerner,Arkansas,SEC,107.5
Ty Houghtaling,New Mexico State,Big West,110.9
Jay Rodgers,Indiana,Big Ten,110.6
Freddie Kitchens,Alabama,SEC,117.8
Lee Roberts,Southern Mississippi,CUSA,119.3
Jay Stoner,Wyoming,WAC,105.1
James Brown,Texas,Big 12,100.5
Daniel Jeremiah,Louisiana-Monroe,Ind,112.4
Dan O'Dell,San Jose State,WAC,113.8
Zebbie Lethridge,Texas Tech,Big 12,108.1
Chad Plummer,Cincinnati,CUSA,97.7
Jason McKinley,Houston,CUSA,106.4
Jeff Watson,Baylor,Big 12,105.3
Brian Vye,San Jose State,WAC,99.5
Mike McMahon,Rutgers,Big East,97.0
Dan Gonzalez,East Carolina,CUSA,115.2
Billy Volek,Fresno State,WAC,118.8
Damian Allen,Vanderbilt,SEC,93.3
Tim Alexander,Oregon State,Pac-10,90.3
Jeff Dover,Texas Christian,WAC,97.9
Bobby Campbell,Duke,ACC,84.8
Akili Smith,Oregon,Pac-10,167.3
Cade McNown,UCLA,Pac-10,156.6
Shaun King,Tulane,CUSA,178.7
Michael Bishop,Kansas State,Big 12,158.9
David Neill,Nevada,Big West,159.8
Jarious Jackson,Notre Dame,Ind,149.5
Daunte Culpepper,UCF,Ind,170.2
Major Applewhite,Texas,Big 12,147.4
Tim Rattay,Louisiana Tech,Ind,164.8
Joe Germaine,Ohio State,Big Ten,150.6
Chris Weinke,Florida State,ACC,141.5
Marc Bulger,West Virginia,Big East,157.3
Quincy Carter,Georgia,SEC,140.1
Doug Johnson,Florida,SEC,145.2
Chris Redman,Louisville,CUSA,151.0
Scott Covington,Miami (FL),Big East,147.8
Donovan McNabb,Syracuse,Big East,158.9
Chad Pennington,Marshall,MAC,152.9
Jamie Barnette,North Carolina State,ACC,131.7
Clint Stoerner,Arkansas,SEC,146.7
Joe Hamilton,Georgia Tech,ACC,141.7
Ryan Kealy,Arizona State,Pac-10,144.1
Tim Lester,Western Michigan,MAC,136.6
Lee Roberts,Southern Mississippi,CUSA,143.8
David Garrard,East Carolina,CUSA,143.1
Kevin Feterik,Brigham Young,WAC,140.2
Tee Martin,Tennessee,SEC,144.4
Herb Tyler,LSU,SEC,147.2
Aaron Brooks,Virginia,ACC,128.4
Mike McMahon,Rutgers,Big East,121.6
Scott Mutryn,Boston College,Big East,131.1
Tim Couch,Kentucky,SEC,153.3
Andrew Zow,Alabama,SEC,129.2
Wayne Madkin,Mississippi State,SEC,122.1
Mike Moschetti,Colorado,Big 12,135.6
Deontey Kenner,Cincinnati,CUSA,116.2
Billy Volek,Fresno State,WAC,131.7
John Welsh,Idaho,Big West,126.8
Walter Church,Eastern Michigan,MAC,128.0
Tom Brady,Michigan,Big Ten,133.1
Jay Stoner,Wyoming,WAC,126.1
Carson Palmer,USC,Pac-10,122.8
Kevin Thompson,Penn State,Big Ten,118.1
Tony Lindsay,Oklahoma State,Big 12,117.0
Jonathan Crosswhite,Utah,WAC,126.1
Zac Wegner,Kansas,Big 12,116.6
Bill Burke,Michigan State,Big Ten,127.3
Mike Bath,Miami (OH),MAC,123.3
Corby Jones,Missouri,Big 12,120.4
Ryan Eslinger,Colorado State,WAC,128.2
Steve Birnbaum,Washington State,Pac-10,107.5
Drew Brees,Purdue,Big Ten,137.8
Cleo Lemon,Arkansas State,Ind,113.1
Romaro Miller,Ole Miss,SEC,119.4
Anthony Wright,South Carolina,SEC,116.3
Todd Husak,Stanford,Pac-10,119.6
Graham Leigh,New Mexico,WAC,117.7
Andre Vige,Louisiana-Monroe,Ind,119.5
Brandon Streeter,Clemson,ACC,116.5
Rob Peters,Texas Tech,Big 12,122.6
Brian Kuklick,Wake Forest,ACC,114.5
Gavin Hoffman,Northwestern,Big Ten,116.3
Matt Lytle,Pitt,Big East,117.5
Ty Houghtaling,New Mexico State,Big West,121.7
Chris Kasteler,San Jose State,WAC,120.8
Jermaine Alfred,Baylor,Big 12,104.3
Oscar Davenport,North Carolina,ACC,121.9
James Washington,Akron,MAC,108.3
Jose Davis,Kent State,MAC,112.4
Bart Hendricks,Boise State,Big West,119.0
Antwaan Randle El,Indiana,Big Ten,99.4
John Rayborn,UTEP,WAC,118.0
Billy Cockerham,Minnesota,Big Ten,111.6
Jason McKinley,Houston,CUSA,118.2
Brian Russell,San Diego State,WAC,111.4
Chris Wallace,Toledo,MAC,116.8
Todd Bandhauer,Iowa State,Big 12,104.4
Pete Shepherd,Central Michigan,MAC,96.2
Gabe Gross,Auburn,SEC,96.3
Dan Robinson,Hawaii,WAC,100.7
Brock Huard,Washington,Pac-10,112.7
Justin Vedder,California,Pac-10,107.6
Bobby Campbell,Duke,ACC,99.8
Chris Sanders,SMU,WAC,106.6
Clay Walters,Ball State,MAC,98.0
Michael Vick,Virginia Tech,Big East,171.1
Joe Hamilton,Georgia Tech,ACC,175.0
Chad Pennington,Marshall,MAC,171.4
Jonathan Beasley,Kansas State,Big 12,134.9
Jarious Jackson,Notre Dame,Ind,140.3
Todd Husak,Stanford,Pac-10,142.6
Mike Bath,Miami (OH),MAC,136.7
Jay Stuckey,UTEP,WAC,146.5
Jay Stoner,Wyoming,MWC,136.7
Keith Smith,Arizona,Pac-10,135.0
Chris Weinke,Florida State,ACC,145.1
Antwaan Randle El,Indiana,Big Ten,137.4
Mike Moschetti,Colorado,Big 12,140.7
Darnell Arceneaux,Utah,MWC,130.1
David Neill,Nevada,Big West,138.2
Randy McCown,Texas A&M,Big 12,128.0
K.C. Enzminger,New Mexico State,Big West,129.6
Kevin Feterik,Brigham Young,MWC,138.9
Jeff Kelly,Southern Mississippi,CUSA,143.7
Dan Ellis,Virginia,ACC,145.0
Kevin Thompson,Penn State,Big Ten,131.8
Butchie Washington,Akron,MAC,129.9
Bart Hendricks,Boise State,Big West,136.8
Chris Finlen,Northern Illinois,MAC,133.6
Tim Lester,Western Michigan,MAC,143.4
Tim Rattay,Louisiana Tech,Ind,147.9
Doug Johnson,Florida,SEC,132.4
David Garrard,East Carolina,CUSA,128.6
Tee Martin,Tennessee,SEC,125.0
Billy Cockerham,Minnesota,Big Ten,127.6
Sage Rosenfels,Iowa State,Big 12,122.4
Chris Redman,Louisville,CUSA,141.7
Marques Tuiasosopo,Washington,Pac-10,127.2
Tom Brady,Michigan,Big Ten,138.0
A.J. Feeley,Oregon,Pac-10,129.0
Tim Hasselbeck,Boston College,Big East,127.0
Woodrow Dantzler,Clemson,ACC,127.5
Romaro Miller,Ole Miss,SEC,129.1
Ryan Kealy,Arizona State,Pac-10,122.5
Kenny Kelly,Miami (FL),Big East,124.8
Matt Newton,Colorado State,MWC,131.3
Jack Hawley,San Diego State,MWC,126.9
Wayne Madkin,Mississippi State,SEC,118.4
Major Applewhite,Texas,Big 12,129.4
Jonathan Smith,Oregon State,Pac-10,117.4
Billy Volek,Fresno State,WAC,152.9
Pete Shepherd,Central Michigan,MAC,115.5
Clint Stoerner,Arkansas,SEC,130.1
Steve Bellisari,Ohio State,Big Ten,115.3
Drew Brees,Purdue,Big Ten,130.7
Quincy Carter,Georgia,SEC,128.4
Bill Burke,Michigan State,Big Ten,124.7
Calvin McCall,Maryland,ACC,117.1
Dusty Bonner,Kentucky,SEC,137.0
Dan Robinson,Hawaii,WAC,120.2
Josh Heupel,Oklahoma,Big 12,133.9
Jamie Barnette,North Carolina State,ACC,115.6
Greg Zolman,Vanderbilt,SEC,109.3
Vic Penn,UCF,Ind,121.2
Kurt Kittner,Illinois,Big Ten,129.3
Andrew Zow,Alabama,SEC,121.5
Cleo Lemon,Arkansas State,Big West,117.5
Rob Peters,Texas Tech,Big 12,110.6
Cory Paus,UCLA,Pac-10,107.8
John Turman,Pitt,Big East,112.6
Wes Counts,Middle Tennessee State,Ind,125.1
Ben Sankey,Wake Forest,ACC,120.7
Patrick Ramsey,Tulane,CUSA,123.0
Steve Birnbaum,Washington State,Pac-10,120.6
Deontey Kenner,Cincinnati,CUSA,113.0
Chris Kasteler,San Jose State,WAC,112.6
Jason McKinley,Houston,CUSA,110.2
Jose Davis,Kent State,MAC,121.3
Scott Mullen,Iowa,Big Ten,109.5
Walter Church,Eastern Michigan,MAC,105.3
Dylen Smith,Kansas,Big 12,112.1
Josh McCown,SMU,WAC,111.9
Josh Blankenship,Tulsa,WAC,98.3
Jim Dougherty,Missouri,Big 12,99.4
Joe Freedy,Buffalo,MAC,101.8
Brian Conn,Ball State,MAC,110.2
Tavares Bolden,Toledo,MAC,108.8
Sean Stein,New Mexico,MWC,107.5
Jeff Crosbie,Utah State,Big West,93.2
Josh Booty,LSU,SEC,90.3
Daniel Dixon,UAB,CUSA,99.3
Andy Chance,Louisiana-Monroe,Ind,102.8
Jermaine Alfred,Baylor,Big 12,91.9
Derek Dyer,Louisiana,Ind,85.1
Kyle Boller,California,Pac-10,80.8
Devin Scott,Temple,Big East,106.0
Chris Weinke,Florida State,ACC,163.1
Bart Hendricks,Boise State,Big West,170.6
John Turman,Pitt,Big East,151.4
Casey Printers,Texas Christian,WAC,156.7
Rex Grossman,Florida,SEC,161.8
Mike Thiessen,Air Force,MWC,147.0
Ken Dorsey,Miami (FL),Big East,152.3
Jason Thomas,UNLV,MWC,138.1
Jonathan Beasley,Kansas State,Big 12,132.1
George Godsey,Georgia Tech,ACC,151.9
Jonathan Smith,Oregon State,Pac-10,134.6
Ryan Schneider,UCF,Ind,147.0
Butchie Washington,Akron,MAC,131.4
Darnell Arceneaux,Utah,MWC,127.6
Jason Gesser,Washington State,Pac-10,132.5
Chris Finlen,Northern Illinois,MAC,132.2
Travis Cole,Minnesota,Big Ten,137.6
Woodrow Dantzler,Clemson,ACC,134.5
John Welsh,Idaho,Big West,139.3
Rocky Perez,UTEP,WAC,147.1
Tim Hasselbeck,Boston College,Big East,135.7
Matt Newton,Colorado State,MWC,136.9
Major Applewhite,Texas,Big 12,135.9
Wayne Madkin,Mississippi State,SEC,125.5
Dan Ellis,Virginia,ACC,128.1
Calvin McCall,Maryland,ACC,116.7
Josh Heupel,Oklahoma,Big 12,136.4
Ronald Curry,North Carolina,ACC,121.9
Casey Clausen,Tennessee,SEC,145.5
David Garrard,East Carolina,CUSA,128.4
Steve Bellisari,Ohio State,Big Ten,120.9
Lon Sheriff,San Diego State,MWC,115.3
Jose Fuentes,Utah State,Big West,124.6
Dave Ragone,Louisville,CUSA,142.2
Mark Farris,Texas A&M,Big 12,126.0
David Carr,Fresno State,WAC,135.4
Jesse Palmer,Florida,SEC,127.0
Byron Leftwich,Marshall,MAC,134.0
Joey Harrington,Oregon,Pac-10,125.4
Patrick Ramsey,Tulane,CUSA,133.2
Phil Petty,South Carolina,SEC,116.9
Josh Booty,LSU,SEC,120.4
Drew Brees,Purdue,Big Ten,132.6
Jeff Welsh,Western Michigan,MAC,125.9
Marcus Arroyo,San Jose State,WAC,120.1
Brooks Bollinger,Wisconsin,Big Ten,121.2
Carson Palmer,USC,Pac-10,118.0
Jeff Kelly,Southern Mississippi,CUSA,125.4
Wes Counts,Middle Tennessee State,Ind,125.0
Philip Rivers,North Carolina State,ACC,126.1
Greg Zolman,Vanderbilt,SEC,115.0
Sage Rosenfels,Iowa State,Big 12,110.3
Jeff Krohn,Arizona State,Pac-10,118.0
Talmadge Hill,Ball State,MAC,127.9
Jeff Smoker,Michigan State,Big Ten,113.4
Ben Leard,Auburn,SEC,123.5
Marquel Blackwell,South Florida,Ind,126.8
Romaro Miller,Ole Miss,SEC,123.9
Kurt Kittner,Illinois,Big Ten,128.9
Brad Lewis,West Virginia,Big East,110.5
Devin Scott,Temple,Big East,120.7
Jared Lorenzen,Kentucky,SEC,116.5
Josh Blankenship,Tulsa,WAC,109.3
Zak Kustok,Northwestern,Big Ten,125.4
David Neill,Nevada,WAC,111.6
Marques Tuiasosopo,Washington,Pac-10,115.9
Rudy Caamano,New Mexico,MWC,122.9
Timmy Chang,Hawaii,WAC,112.0
Rashard Casey,Penn State,Big Ten,116.9
Cleo Lemon,Arkansas State,Big West,119.9
Dylen Smith,Kansas,Big 12,103.2
Antwaan Randle El,Indiana,Big Ten,103.9
Jason McKinley,Houston,CUSA,116.3
Mike Bath,Miami (OH),MAC,104.4
Mike McMahon,Rutgers,Big East,110.5
Deontey Kenner,Cincinnati,CUSA,108.9
Ortege Jenkins,Arizona,Pac-10,102.3
Andrew Zow,Alabama,SEC,97.6
Aso Pogi,Oklahoma State,Big 12,108.1
Charlie Peterson,Brigham Young,MWC,113.3
K.C. Enzminger,New Mexico State,Big West,113.0
Darius Outlaw,Missouri,Big 12,97.6
Kyle Boller,California,Pac-10,104.5
Joe Freedy,Buffalo,MAC,108.7
Andy Sahm,Bowling Green State,MAC,105.1
Josh McCown,SMU,WAC,100.3
Robby Hampton,Arkansas,SEC,115.7
Derrick Vickers,Central Michigan,MAC,102.8
Kliff Kingsbury,Texas Tech,Big 12,117.0
Walter Church,Eastern Michigan,MAC,113.7
Tavares Bolden,Toledo,MAC,116.6
Jay Stoner,Wyoming,MWC,112.9
D. Bryant,Duke,ACC,95.8
Zach Williams,Kent State,MAC,96.4
Rex Grossman,Florida,SEC,170.8
Jeff Smoker,Michigan State,Big Ten,166.4
Chris Rix,Florida State,ACC,156.6
Ryan Dinwiddie,Boise State,WAC,164.7
David Carr,Fresno State,WAC,165.9
Rohan Davey,LSU,SEC,146.5
Jeff Krohn,Arizona State,Pac-10,153.4
Wes Counts,Middle Tennessee State,Sun Belt,166.6
Cory Paus,UCLA,Pac-10,132.8
Byron Leftwich,Marshall,MAC,164.6
Brandon Doman,Brigham Young,MWC,159.7
David Greene,Georgia,SEC,143.3
Steve Bellisari,Ohio State,Big Ten,133.4
Casey Clausen,Tennessee,SEC,150.0
Nick Rolovich,Hawaii,WAC,150.5
Ken Dorsey,Miami (FL),Big East,146.1
Darian Durant,North Carolina,ACC,149.3
Ryan Schneider,UCF,Ind,136.6
Ben Roethlisberger,Miami (OH),MAC,146.5
Gino Guidugli,Cincinnati,CUSA,137.5
George Godsey,Georgia Tech,ACC,142.1
Dave Ragone,Louisville,CUSA,143.5
Jason Gesser,Washington State,Pac-10,136.4
Kurt Kittner,Illinois,Big Ten,135.9
Cody Pickett,Washington,Pac-10,124.9
Tavares Bolden,Toledo,MAC,147.3
Kyle McCann,Iowa,Big Ten,146.1
Eric Crouch,Nebraska,Big 12,124.3
Kevin Fant,Mississippi State,SEC,127.0
Jason Johnson,Arizona,Pac-10,135.2
John Welsh,Idaho,Sun Belt,147.3
Jonathan Smith,Oregon State,Pac-10,129.4
David Garrard,East Carolina,CUSA,130.2
Tyler Watts,Alabama,SEC,135.1
Joey Harrington,Oregon,Pac-10,143.8
Woodrow Dantzler,Clemson,ACC,135.2
David Priestley,Pitt,Big East,138.3
Seneca Wallace,Iowa State,Big 12,132.7
Brian Lindgren,Idaho,Sun Belt,128.8
David Neill,Nevada,WAC,127.1
Scott Hall,North Texas,Sun Belt,133.1
James MacPherson,Wake Forest,ACC,113.9
Asad Abdul-Khaliq,Minnesota,Big Ten,134.6
Marcus Arroyo,San Jose State,WAC,120.1
Zack Mills,Penn State,Big Ten,118.7
Eli Manning,Ole Miss,SEC,144.8
Carson Palmer,USC,Pac-10,124.2
Jeff Kelly,Southern Mississippi,CUSA,127.3
Chris Simms,Texas,Big 12,133.5
Shaun Hill,Maryland,ACC,128.2
Brian St. Pierre,Boston College,Big East,136.5
Wesley Phillips,UTEP,WAC,120.0
Grant Noel,Virginia Tech,Big East,130.0
Casey Printers,Texas Christian,CUSA,125.4
Antwaan Randle El,Indiana,Big Ten,120.1
Luke McCown,Louisiana Tech,WAC,132.6
Jose Fuentes,Utah State,Ind,129.0
Casey Bramlet,Wyoming,MWC,109.4
Charlie Frye,Akron,MAC,124.6
Philip Rivers,North Carolina State,ACC,134.8
Greg Zolman,Vanderbilt,SEC,119.1
Jason Thomas,UNLV,MWC,102.6
Lance Rice,Utah,MWC,124.2
K.C. Enzminger,New Mexico State,Sun Belt,110.7
Casey Kelly,New Mexico,MWC,105.9
Brock Nutter,Troy,Ind,120.3
Danny Wimprine,Memphis,CUSA,128.5
Zak Kustok,Northwestern,Big Ten,124.5
Phil Petty,South Carolina,SEC,122.0
Andy Sahm,Bowling Green State,MAC,126.1
Kliff Kingsbury,Texas Tech,Big 12,136.8
Patrick Ramsey,Tulane,CUSA,122.6
Talmadge Hill,Ball State,MAC,111.6
Bryson Spinner,Virginia,ACC,129.7
D. Bryant,Duke,ACC,103.0
Kyle Boller,California,Pac-10,110.2
Kelly Robinson,Houston,CUSA,116.0
Matt Schaub,Virginia,ACC,118.8
Joshua Cribbs,Kent State,MAC,118.2
Keith Boyea,Air Force,MWC,109.7
Bradlee Van Pelt,Colorado State,MWC,105.7
Marquel Blackwell,South Florida,Ind,119.3
John Navarre,Michigan,Big Ten,116.3
Aso Pogi,Oklahoma State,Big 12,120.6
David Page,SMU,WAC,112.9
Chris Finlen,Northern Illinois,MAC,110.3
Chad Jenkins,Army,CUSA,104.7
Jon Van Cleave,Louisiana,Sun Belt,113.1
Mark Farris,Texas A&M,Big 12,111.6
Mario Kinsey,Kansas,Big 12,94.6
Nate Hybl,Oklahoma,Big 12,113.1
Brandon Hance,Purdue,Big Ten,105.0
Josh Blankenship,Tulsa,WAC,106.9
Joe Freedy,Buffalo,MAC,98.2
Kainoa Akina,Eastern Michigan,MAC,108.8
Brad Lewis,West Virginia,Big East,106.6
Nick Eddy,Houston,CUSA,103.7
Zak Clark,Arkansas,SEC,102.7
Kirk Farmer,Missouri,Big 12,104.4
Lon Sheriff,San Diego State,MWC,87.2
Ryan Cubit,Rutgers,Big East,86.6
Dan Orlovsky,Connecticut,Ind,93.5
Greg Cicero,Baylor,Big 12,89.0
Ryan Schneider,UCF,MAC,151.6
Brad Banks,Iowa,Big Ten,157.1
Scott McBrien,Maryland,ACC,141.3
Scott McBrien,Maryland,ACC,141.3
Byron Leftwich,Marshall,MAC,156.5
Ken Dorsey,Miami (FL),Big East,145.9
Bryan Randall,Virginia Tech,Big East,143.1
Jason Gesser,Washington State,Pac-10,146.4
Craig Krenzel,Ohio State,Big Ten,140.9
James MacPherson,Wake Forest,ACC,132.6
Carson Palmer,USC,Pac-10,149.1
Brian Jones,Toledo,MAC,152.3
Jason Johnson,Arizona,Pac-10,133.0
Chris Simms,Texas,Big 12,143.0
Andrew Walter,Arizona State,Pac-10,137.1
Philip Rivers,North Carolina State,ACC,141.1
Josh Haldi,Northern Illinois,MAC,133.0
Joshua Haldi,Northern Illinois,MAC,133.0
Nick Eddy,Houston,CUSA,122.0
Josh Fields,Oklahoma State,Big 12,140.3
David Greene,Georgia,SEC,137.3
Jon Beutjer,Illinois,Big Ten,138.0
Jon Beutjer,Illinois,Big Ten,138.0
Zack Threadgill,Nevada,WAC,136.1
Ben Roethlisberger,Miami (OH),MAC,138.7
Rod Rutherford,Pitt,Big East,129.3
Gino Guidugli,Cincinnati,CUSA,124.2
Jason Fife,Oregon,Pac-10,130.9
Dustin Long,Texas A&M,Big 12,125.7
Chris Rix,Florida State,ACC,128.2
Derek Anderson,Oregon State,Pac-10,121.6
Charlie Frye,Akron,MAC,136.5
Casey Clausen,Tennessee,SEC,132.0
Corey Jenkins,South Carolina,SEC,119.5
Cody Pickett,Washington,Pac-10,131.4
Seneca Wallace,Iowa State,Big 12,119.7
Brian St. Pierre,Boston College,Big East,126.0
Paul Pinegar,Fresno State,WAC,129.5
Zack Mills,Penn State,Big Ten,128.3
Timmy Chang,Hawaii,WAC,122.3
Jose Fuentes,Utah State,Ind,122.6
Adam Hall,San Diego State,MWC,129.1
Scott Rislov,San Jose State,WAC,132.0
Brian Lindgren,Idaho,Sun Belt,134.8
Gibran Hamdan,Indiana,Big Ten,113.1
Bradlee Van Pelt,Colorado State,MWC,119.6
Brooks Bollinger,Wisconsin,Big Ten,129.3
Andrico Hines,Middle Tennessee State,Sun Belt,121.4
Eli Manning,Ole Miss,SEC,125.6
Casey Bramlet,Wyoming,MWC,128.6
Matt Schaub,Virginia,ACC,147.5
Kyle Orton,Purdue,Big Ten,128.2
Jason Thomas,UNLV,MWC,112.8
Aaron Karas,Baylor,Big 12,117.3
Micky D'Angelo,Southern Mississippi,CUSA,115.3
Kliff Kingsbury,Texas Tech,Big 12,143.7
Luke McCown,Louisiana Tech,WAC,122.4
Nate Hybl,Oklahoma,Big 12,133.7
Asad Abdul-Khaliq,Minnesota,Big Ten,123.7
Chad Munson,Western Michigan,MAC,115.1
Carlyle Holiday,Notre Dame,Ind,117.6
Josh Harris,Bowling Green State,MAC,125.3
Jared Lorenzen,Kentucky,SEC,135.4
Rex Grossman,Florida,SEC,121.5
Dan Orlovsky,Connecticut,Ind,128.6
Brett Basanez,Northwestern,Big Ten,118.2
Elliot Jacobs,Arkansas State,Sun Belt,113.2
Matt Jones,Arkansas,SEC,125.0
Jay Cutler,Vanderbilt,SEC,112.4
Troy Nunes,Syracuse,Big East,121.1
Kyle Boller,California,Pac-10,126.8
Troy Edwards,Eastern Michigan,MAC,122.1
Darrell Hackney,UAB,CUSA,118.5
Sean Stilley,Texas Christian,CUSA,111.3
Jon Van Cleave,Louisiana,Sun Belt,108.7
Adam Smith,Duke,ACC,118.9
Andy Roesch,Ball State,MAC,129.3
John Navarre,Michigan,Big Ten,122.2
Dave Ragone,Louisville,CUSA,121.6
Danny Wimprine,Memphis,CUSA,117.7
Marquel Blackwell,South Florida,Ind,124.3
Brad Smith,Missouri,Big 12,117.3
Paul Troth,East Carolina,CUSA,106.1
Willie Simmons,Clemson,ACC,114.2
Steven Jyles,Louisiana-Monroe,Sun Belt,112.4
J.P. Losman,Tulane,CUSA,119.7
A.J. Suggs,Georgia Tech,ACC,111.8
A.J. Suggs,Georgia Tech,ACC,111.8
Kevin Fant,Mississippi State,SEC,107.1
Rasheed Marshall,West Virginia,Big East,113.7
Robert Hodge,Colorado,Big 12,115.1
Tyler Gooch,Tulsa,WAC,116.8
Casey Kelly,New Mexico,MWC,118.4
Derrick Vickers,Central Michigan,MAC,108.8
Kyle Matter,Stanford,Pac-10,105.0
Mike McGann,Temple,Big East,96.1
Zac Dahman,Army,CUSA,95.0
Bill Whittemore,Kansas,Big 12,103.4
Joshua Cribbs,Kent State,MAC,86.8
Hansell Bearden,Troy,Ind,81.8
Randall Secky,Buffalo,MAC,91.9
Tate Wallis,SMU,WAC,78.5
Ryan Dinwiddie,Boise State,WAC,163.7
Bradlee Van Pelt,Colorado State,MWC,153.4
Asad Abdul-Khaliq,Minnesota,Big Ten,162.3
Philip Rivers,North Carolina State,ACC,170.5
Ben Roethlisberger,Miami (OH),MAC,165.8
Bill Whittemore,Kansas,Big 12,154.7
Jim Sorgi,Wisconsin,Big Ten,148.1
Rod Rutherford,Pitt,Big East,157.4
Matt Leinart,USC,Pac-10,164.5
Stefan Lefors,Louisville,CUSA,145.5
Kelvin Kolb,Houston,CUSA,153.8
Kevin Kolb,Houston,CUSA,153.8
Ell Roberson,Kansas State,Big 12,143.2
Jason White,Oklahoma,Big 12,158.1
Scott McBrien,Maryland,ACC,142.7
Scott McBrien,Maryland,ACC,142.7
Brandon Hassell,Texas Christian,CUSA,135.1
Charlie Frye,Akron,MAC,148.6
Alex Smith,Utah,MWC,152.3
Brian Lindgren,Idaho,Sun Belt,144.3
Bruce Gradkowski,Toledo,MAC,161.5
Aaron Rodgers,California,Pac-10,146.6
Matt Jones,Arkansas,SEC,147.1
Eli Manning,Ole Miss,SEC,148.1
B.J. Symons,Texas Tech,Big 12,151.3
Chris Rix,Florida State,ACC,137.9
Casey Kelly,New Mexico,MWC,131.7
Bryan Randall,Virginia Tech,Big East,141.7
Reggie McNeal,Texas A&M,Big 12,124.5
Derek Anderson,Oregon State,Pac-10,124.1
Rasheed Marshall,West Virginia,Big East,133.8
Matt Mauck,LSU,SEC,148.2
Kellen Clemens,Oregon,Pac-10,139.8
Josh Harris,Bowling Green State,MAC,143.8
Charlie Whitehurst,Clemson,ACC,135.6
Jason Campbell,Auburn,SEC,132.6
David Greene,Georgia,SEC,128.5
Josh Haldi,Northern Illinois,MAC,142.0
Joshua Haldi,Northern Illinois,MAC,142.0
Chris Leak,Florida,SEC,132.9
Luke McCown,Louisiana Tech,WAC,128.1
Matt Kegel,Washington State,Pac-10,128.1
Dustin Almond,Southern Mississippi,CUSA,122.5
Josh Fields,Oklahoma State,Big 12,129.8
Dan Orlovsky,Connecticut,Ind,137.4
John Navarre,Michigan,Big Ten,133.6
J.P. Losman,Tulane,CUSA,139.9
Matt Schaub,Virginia,ACC,141.0
Joel Klatt,Colorado,Big 12,140.2
Craig Krenzel,Ohio State,Big Ten,127.3
Danny Wimprine,Memphis,CUSA,127.1
Andrew Walter,Arizona State,Pac-10,127.3
Casey Clausen,Tennessee,SEC,134.3
Jay Cutler,Vanderbilt,SEC,127.7
Cory Randolph,Wake Forest,ACC,121.7
Casey Bramlet,Wyoming,MWC,129.6
Quinton Porter,Boston College,Big East,129.0
Timmy Chang,Hawaii,WAC,126.7
Jeff Smoker,Michigan State,Big Ten,128.8
Kyle Orton,Purdue,Big Ten,127.7
Andy Heiser,Nevada,WAC,115.2
R.J. Anderson,Syracuse,Big East,124.1
Scott Rislov,San Jose State,WAC,129.0
Brock Berlin,Miami (FL),Big East,119.3
Andrico Hines,Middle Tennessee State,Sun Belt,125.1
Ryan Hart,Rutgers,Big East,119.0
Brodie Croyle,Alabama,SEC,118.0
Cody Pickett,Washington,Pac-10,118.1
Travis Cox,Utah State,Sun Belt,124.1
Joshua Cribbs,Kent State,MAC,112.6
James Kilian,Tulsa,WAC,128.3
Talmadge Hill,Ball State,MAC,129.2
Orlando Cruz,UTEP,WAC,105.9
Darian Durant,North Carolina,ACC,125.4
Jared Lorenzen,Kentucky,SEC,123.3
Dondrial Pinkins,South Carolina,SEC,110.5
Nathan Chandler,Iowa,Big Ten,122.4
Gino Guidugli,Cincinnati,CUSA,113.0
Drew Olson,UCLA,Pac-10,111.3
Graham Gochneaur,Marshall,MAC,121.2
Brett Basanez,Northwestern,Big Ten,103.4
Kris Heavner,Arizona,Pac-10,102.7
Desmond Robinson,East Carolina,CUSA,112.9
Aaron Karas,Baylor,Big 12,113.1
Derrick Vickers,Central Michigan,MAC,117.3
Kevin Fant,Mississippi State,SEC,105.7
Matt LoVecchio,Indiana,Big Ten,101.8
Walter Washington,Temple,Big East,111.4
Steven Jyles,Louisiana-Monroe,Sun Belt,111.3
Mike Schneider,Duke,ACC,96.5
Jordan Palmer,UTEP,WAC,97.6
Kurt Nantkes,UNLV,MWC,106.7
Jerry Babb,Louisiana,Sun Belt,106.6
Austin Flynn,Iowa State,Big 12,94.1
Reggie Ball,Georgia Tech,ACC,102.8
Brad Smith,Missouri,Big 12,116.0
Chris Lewis,Stanford,Pac-10,100.2
Elliot Jacobs,Arkansas State,Sun Belt,103.0
Zack Mills,Penn State,Big Ten,105.1
Brady Quinn,Notre Dame,Ind,93.5
Ronnie Banks,South Florida,CUSA,99.2
Aaron Leak,Troy,Ind,88.4
Aaron Leak,Troy,Ind,88.4
Chinedu Okoro,Eastern Michigan,MAC,98.0
Matt Dlugolecki,San Diego State,MWC,102.2
Zac Dahman,Army,CUSA,95.4
Stefan Lefors,Louisville,CUSA,181.7
Jason Campbell,Auburn,SEC,172.9
Alex Smith,Utah,MWC,176.5
Jared Zabransky,Boise State,WAC,147.0
Bruce Gradkowski,Toledo,MAC,162.6
Jared Allen,Florida Atlantic,Sun Belt,143.8
Omar Jacobs,Bowling Green State,MAC,167.2
Donovan Woods,Oklahoma State,Big 12,142.6
Darrell Hackney,UAB,CUSA,146.6
David Greene,Georgia,SEC,148.4
Jason White,Oklahoma,Big 12,159.4
Matt Leinart,USC,Pac-10,156.5
Reggie McNeal,Texas A&M,Big 12,137.4
Aaron Rodgers,California,Pac-10,154.3
Lester Ricard,Tulane,CUSA,152.5
Chris Leak,Florida,SEC,144.9
Bryan Cupito,Minnesota,Big Ten,127.0
Josh Betts,Miami (OH),MAC,137.7
Kyle Orton,Purdue,Big Ten,151.1
Buck Pierce,New Mexico State,Sun Belt,148.4
Matt Jones,Arkansas,SEC,132.8
Brandon Hassell,Texas Christian,CUSA,135.9
Kevin Kolb,Houston,CUSA,128.8
Marques Hagans,Virginia,ACC,135.5
Jordan Palmer,UTEP,WAC,136.5
Brock Berlin,Miami (FL),ACC,138.1
Gino Guidugli,Cincinnati,CUSA,146.5
Jay Cutler,Vanderbilt,SEC,134.8
Scott Hall,North Texas,Sun Belt,137.1
Dale Rogers,San Jose State,WAC,130.5
Charlie Frye,Akron,MAC,139.8
Tyler Palko,Pitt,Big East,135.2
Clint Marks,Middle Tennessee State,Sun Belt,138.1
Drew Olson,UCLA,Pac-10,132.4
John Beck,Brigham Young,MWC,128.5
Darian Durant,North Carolina,ACC,135.1
Matt Kubik,Louisiana Tech,WAC,119.3
Steven Moffett,UCF,MAC,131.6
Sonny Cumbie,Texas Tech,Big 12,138.5
Andrew Walter,Arizona State,Pac-10,138.4
Drew Tate,Iowa,Big Ten,134.7
Bryan Randall,Virginia Tech,ACC,134.5
Vince Young,Texas,Big 12,128.4
Dan Orlovsky,Connecticut,Big East,134.7
Danny Wimprine,Memphis,CUSA,128.8
Paul Peterson,Boston College,Big East,134.7
Brady Quinn,Notre Dame,Ind,125.9
Drew Stanton,Michigan State,Big Ten,131.8
Corey Bramlet,Wyoming,MWC,123.0
Paul Pinegar,Fresno State,WAC,135.3
Matt LoVecchio,Indiana,Big Ten,127.6
Timmy Chang,Hawaii,WAC,135.4
Derek Anderson,Oregon State,Pac-10,125.1
Ryan Hart,Rutgers,Big East,127.6
Ethan Flatt,Ole Miss,SEC,114.2
Chad Henne,Michigan,Big Ten,132.6
Kent Smith,Central Michigan,MAC,125.1
Dustin Almond,Southern Mississippi,CUSA,119.3
Tony Eckert,SMU,WAC,109.8
Kellen Clemens,Oregon,Pac-10,131.6
Joel Statham,Maryland,ACC,109.4
Jeff Rowe,Nevada,WAC,121.0
James Kilian,Tulsa,WAC,113.8
Nick Noce,Arkansas State,Sun Belt,111.9
Jay Davis,North Carolina State,ACC,115.4
Alex Brink,Washington State,Pac-10,113.3
Joshua Cribbs,Kent State,MAC,133.2
Walter Washington,Temple,Big East,118.5
Bret Meyer,Iowa State,Big 12,114.4
Wyatt Sexton,Florida State,ACC,114.7
Matt Bohnet,Eastern Michigan,MAC,117.3
Joel Klatt,Colorado,Big 12,115.5
Michael Harrington,Idaho,Sun Belt,125.5
James Pinkney,East Carolina,CUSA,119.1
Reggie Ball,Georgia Tech,ACC,109.4
Joe Dailey,Nebraska,Big 12,110.1
Dylan Meier,Kansas State,Big 12,121.5
Perry Patterson,Syracuse,Big East,113.0
Zack Mills,Penn State,Big Ten,113.9
Pat Julmiste,South Florida,CUSA,104.0
Steven Jyles,Louisiana-Monroe,Sun Belt,113.3
Trent Edwards,Stanford,Pac-10,110.7
Brett Basanez,Northwestern,Big Ten,110.2
John Stocco,Wisconsin,Big Ten,109.8
Travis Cox,Utah State,Sun Belt,111.2
Jerry Babb,Louisiana,Sun Belt,112.6
Kole McKamey,New Mexico,MWC,100.8
Stan Hill,Marshall,MAC,117.1
Ryan Hawk,Ohio,MAC,111.1
Ryan Hawk,Ohio,MAC,111.1
Mike Schneider,Duke,ACC,114.9
Brad Smith,Missouri,Big 12,110.7
Charlie Whitehurst,Clemson,ACC,97.3
Omarr Conner,Mississippi State,SEC,104.7
Kevin O'Connell,San Diego State,MWC,101.0
Casey Paus,Washington,Pac-10,81.2
Shane Steichen,UNLV,MWC,96.3
Shane Boyd,Kentucky,SEC,96.8
Rudy Carpenter,Arizona State,Pac-10,175.0
Brian Brohm,Louisville,Big East,166.7
Troy Smith,Ohio State,Big Ten,162.7
Vince Young,Texas,Big 12,163.9
Matt Leinart,USC,Pac-10,157.7
John Stocco,Wisconsin,Big Ten,150.5
Brian Johnson,Utah,MWC,151.0
Brady Quinn,Notre Dame,Ind,158.4
Drew Stanton,Michigan State,Big Ten,153.4
Justin Holland,Colorado State,MWC,148.6
Drew Olson,UCLA,Pac-10,161.6
Bryan Cupito,Minnesota,Big Ten,145.9
Colt Brennan,Hawaii,WAC,155.5
Ryan Hart,Rutgers,Big East,148.1
Phil Horvath,Northern Illinois,MAC,159.4
D.J. Shockley,Georgia,SEC,148.3
Marcus Vick,Virginia Tech,ACC,143.3
Darrell Hackney,UAB,CUSA,144.5
Jordan Palmer,UTEP,CUSA,140.5
Alex Brink,Washington State,Pac-10,140.0
Omar Jacobs,Bowling Green State,MAC,150.9
Sam Hollenbach,Maryland,ACC,132.8
Isaiah Stanback,Washington,Pac-10,128.8
Paul Pinegar,Fresno State,WAC,147.6
Drew Tate,Iowa,Big Ten,146.4
Cody Hodges,Texas Tech,Big 12,147.6
JaMarcus Russell,LSU,SEC,136.6
Kevin Kolb,Houston,CUSA,133.4
Steven Moffett,UCF,CUSA,139.5
Bret Meyer,Iowa State,Big 12,138.9
Paul Smith,Tulsa,CUSA,142.9
Kyle Wright,Miami (FL),ACC,137.2
Jeff Ballard,Texas Christian,MWC,137.6
Matt Ryan,Boston College,ACC,135.7
James Pinkney,East Carolina,CUSA,132.5
Matt Moore,Oregon State,Pac-10,123.1
Michael Robinson,Penn State,Big Ten,127.2
Brandon Cox,Auburn,SEC,132.6
Jeff Rowe,Nevada,WAC,137.8
Jared Zabransky,Boise State,WAC,130.0
Blake Mitchell,South Carolina,SEC,132.4
Brodie Croyle,Alabama,SEC,132.8
Bruce Gradkowski,Toledo,MAC,146.4
Reggie McNeal,Texas A&M,Big 12,128.6
Brett Basanez,Northwestern,Big Ten,135.1
Josh Betts,Miami (OH),MAC,133.2
Dustin Almond,Southern Mississippi,CUSA,129.0
Corey Bramlet,Wyoming,MWC,125.4
Marques Hagans,Virginia,ACC,129.6
Charlie Whitehurst,Clemson,ACC,133.5
Nick Noce,Arkansas State,Sun Belt,123.4
Kole McKamey,New Mexico,MWC,134.3
John Beck,Brigham Young,MWC,137.6
Trent Edwards,Stanford,Pac-10,139.0
Kevin O'Connell,San Diego State,MWC,132.1
Chris Leak,Florida,SEC,136.5
Matt Kubik,Louisiana Tech,WAC,128.6
Tyler Palko,Pitt,Big East,126.7
Clint Marks,Middle Tennessee State,Sun Belt,129.0
Rick Clausen,Tennessee,SEC,119.1
Drew Weatherford,Florida State,ACC,121.3
Steven Wichman,Idaho,WAC,117.2
Matt Baker,North Carolina,ACC,111.2
Leon Jackson III,Utah State,WAC,120.7
Danny Embick,Florida Atlantic,Sun Belt,117.7
Jay Cutler,Vanderbilt,SEC,126.1
Kent Smith,Central Michigan,MAC,126.4
Joel Klatt,Colorado,Big 12,124.4
Josh Padrick,Florida International,Sun Belt,122.6
Joe Ayoob,California,Pac-10,114.1
Luke Getsy,Akron,MAC,118.1
Chad Henne,Michigan,Big Ten,129.6
Rhett Bomar,Oklahoma,Big 12,113.5
Andre Woodson,Kentucky,SEC,115.4
Micheal Spurlock,Ole Miss,SEC,108.7
Allan Evridge,Kansas State,Big 12,104.4
Joey Lynch,Ball State,MAC,130.5
Adam Tafralis,San Jose State,WAC,108.5
Jerad Romo,SMU,CUSA,113.6
Zac Taylor,Nebraska,Big 12,115.9
Matt Bohnet,Eastern Michigan,MAC,125.2
Zac Dahman,Army,Ind,112.0
Blake Powers,Indiana,Big Ten,118.7
Shawn Bell,Baylor,Big 12,119.6
Lester Ricard,Tulane,CUSA,110.6
Dustin Grutza,Cincinnati,Big East,111.1
Drew Willy,Buffalo,MAC,109.4
Steven Jyles,Louisiana-Monroe,Sun Belt,109.9
Tim Brasic,Illinois,Big Ten,114.7
Royal Gill,New Mexico State,WAC,114.5
Pat Julmiste,South Florida,Big East,98.0
Mike McGann,Temple,Ind,91.7
Brad Smith,Missouri,Big 12,114.1
Reggie Ball,Georgia Tech,ACC,99.3
Michael Machen,Kent State,MAC,102.7
Joey Vincent,New Mexico State,WAC,98.2
Perry Patterson,Syracuse,Big East,93.1
Curtis Painter,Purdue,Big Ten,98.3
Zack Asack,Duke,ACC,95.4
Omarr Conner,Mississippi State,SEC,106.7
Austen Everson,Ohio,MAC,87.7
Bernard Morris,Marshall,CUSA,100.0
Daniel Meager,North Texas,Sun Belt,87.7
Colt Brennan,Hawaii,WAC,186.0
Brian Brohm,Louisville,Big East,159.1
John Beck,Brigham Young,MWC,169.1
JaMarcus Russell,LSU,SEC,167.0
Jared Zabransky,Boise State,WAC,162.6
Tyler Palko,Pitt,Big East,163.2
Kevin Kolb,Houston,CUSA,162.7
Erik Ainge,Tennessee,SEC,151.9
Bobby Reid,Oklahoma State,Big 12,148.1
Jordan Palmer,UTEP,CUSA,149.6
Andre Woodson,Kentucky,SEC,154.5
Adam Tafralis,San Jose State,WAC,155.1
Chase Holbrook,New Mexico State,WAC,155.2
Zac Taylor,Nebraska,Big 12,146.1
Troy Smith,Ohio State,Big Ten,161.9
John Stocco,Wisconsin,Big Ten,143.9
Chris Leak,Florida,SEC,144.9
Matt Grothe,South Florida,Big East,138.8
Colt McCoy,Texas,Big 12,161.8
Brandon Cox,Auburn,SEC,138.7
Nate Davis,Ball State,MAC,146.7
Matt Moore,Oregon State,Pac-10,139.7
Nate Longshore,California,Pac-10,141.6
Bryan Cupito,Minnesota,Big Ten,140.8
Paul Thompson,Oklahoma,Big 12,142.4
Riley Skinner,Wake Forest,ACC,139.6
Chase Daniel,Missouri,Big 12,145.1
Dan Lefevour,Central Michigan,MAC,146.2
Paul Smith,Tulsa,CUSA,141.0
Jeff Ballard,Texas Christian,MWC,138.1
John David Booty,USC,Pac-10,144.0
Will Proctor,Clemson,ACC,135.3
Julian Edelman,Kent State,MAC,124.4
Rudy Carpenter,Arizona State,Pac-10,133.7
Chad Henne,Michigan,Big Ten,143.4
Justin Willis,SMU,CUSA,158.4
Curtis Painter,Purdue,Big Ten,129.1
Drew Tate,Iowa,Big Ten,130.9
Graham Harrell,Texas Tech,Big 12,145.5
Brady Quinn,Notre Dame,Ind,146.7
Alex Brink,Washington State,Pac-10,133.1
Stephen McGee,Texas A&M,Big 12,134.9
Sean Glennon,Virginia Tech,ACC,122.0
Dustin Grutza,Cincinnati,Big East,123.5
Brett Ratliff,Utah,MWC,133.2
Sam Hollenbach,Maryland,ACC,131.0
Mike Teel,Rutgers,Big East,120.6
Phil Horvath,Northern Illinois,MAC,125.5
Jeff Rowe,Nevada,WAC,140.0
Kinsmon Lancaster,Louisiana-Monroe,Sun Belt,115.0
Bernard Morris,Marshall,CUSA,123.1
John Parker Wilson,Alabama,SEC,126.5
Caleb Hanie,Colorado State,MWC,124.3
Chris Nickson,Vanderbilt,SEC,122.8
Lester Ricard,Tulane,CUSA,125.8
James Pinkney,East Carolina,CUSA,122.3
Luke Getsy,Akron,MAC,121.1
Matt Ryan,Boston College,ACC,126.4
Adam Dimichele,Temple,Ind,123.4
Martin Hankins,Memphis,CUSA,125.6
Bret Meyer,Iowa State,Big 12,117.8
Zac Champion,Louisiana Tech,WAC,111.9
Mike Kokal,Miami (OH),MAC,124.3
Steven Wichman,Idaho,WAC,104.9
Drew Weatherford,Florida State,ACC,118.1
Clint Marks,Middle Tennessee State,Sun Belt,120.3
Matthew Stafford,Georgia,SEC,109.0
Shawn Bell,Baylor,Big 12,130.7
Dennis Dixon,Oregon,Pac-10,120.7
Drew Stanton,Michigan State,Big Ten,124.7
Joe Dailey,North Carolina,ACC,115.7
Josh Freeman,Kansas State,Big 12,103.5
Rusty Smith,Florida Atlantic,Sun Belt,113.3
Patrick Cowan,UCLA,Pac-10,113.4
Kellen Lewis,Indiana,Big Ten,118.1
Chase Clement,Rice,CUSA,134.2
Steven Moffett,UCF,CUSA,117.1
Anthony Morelli,Penn State,Big Ten,111.9
Thaddeus Lewis,Duke,ACC,106.9
Jeremy Young,Southern Mississippi,CUSA,120.0
Anthony Turner,Bowling Green State,MAC,120.8
Willie Tuitama,Arizona,Pac-10,114.3
Perry Patterson,Syracuse,Big East,115.4
Karsten Sween,Wyoming,MWC,118.5
Omar Haugabook,Troy,Sun Belt,121.6
Rocky Hinds,UNLV,MWC,104.4
Daniel Evans,North Carolina State,ACC,102.8
Reggie Ball,Georgia Tech,ACC,107.2
Corey Leonard,Arkansas State,Sun Belt,103.8
Ryan Cubit,Western Michigan,MAC,117.9
Ryan Cubit,Western Michigan,MAC,117.9
Jerry Babb,Louisiana,Sun Belt,103.3
Brent Schaeffer,Ole Miss,SEC,100.7
Bernard Jackson,Colorado,Big 12,103.3
Juice Williams,Illinois,Big Ten,91.9
Tom Brandstater,Fresno State,WAC,106.7
Andy Schmitt,Eastern Michigan,MAC,105.6
Austen Everson,Ohio,MAC,102.0
Jameel Sewell,Virginia,ACC,105.4
Josh Padrick,Florida International,Sun Belt,95.5
David Pevoto,Army,Ind,94.7
Aaron Opelt,Toledo,MAC,98.6
Tim Tebow,Florida,SEC,172.5
Paul Smith,Tulsa,CUSA,159.8
Sam Bradford,Oklahoma,Big 12,176.5
Mike Teel,Rutgers,Big East,145.4
Colin Kaepernick,Nevada,WAC,150.8
Colt Brennan,Hawaii,WAC,159.8
Brian Brohm,Louisville,Big East,152.4
Zac Robinson,Oklahoma State,Big 12,149.0
Caleb Hanie,Colorado State,MWC,144.6
Dennis Dixon,Oregon,Pac-10,161.2
Case Keenum,Houston,CUSA,147.6
Ben Mauk,Cincinnati,Big East,150.6
Ben Mauk,Cincinnati,Big East,150.6
Chris Turner,Maryland,ACC,135.5
Graham Harrell,Texas Tech,Big 12,157.3
Rudy Carpenter,Arizona State,Pac-10,145.1
Todd Boeckman,Ohio State,Big Ten,148.9
Pat White,West Virginia,Big East,151.4
Taylor Tharp,Boise State,WAC,152.9
Bernard Morris,Marshall,CUSA,139.1
Tom Brandstater,Fresno State,WAC,140.5
Max Hall,Brigham Young,MWC,137.7
Todd Reesing,Kansas,Big 12,148.8
Colt McCoy,Texas,Big 12,139.2
Tyler Donovan,Wisconsin,Big Ten,134.0
Rusty Smith,Florida Atlantic,Sun Belt,141.6
Nate Davis,Ball State,MAC,139.1
Chase Daniel,Missouri,Big 12,147.9
Alex Brink,Washington State,Pac-10,135.5
Trevor Vittatoe,UTEP,CUSA,135.9
Adam Tafralis,San Jose State,WAC,135.6
Sean Glennon,Virginia Tech,ACC,137.6
Brad Bower,Ohio,MAC,125.7
Brad Bower,Ohio,MAC,125.7
Martin Hankins,Memphis,CUSA,137.8
Sam Keller,Nebraska,Big 12,133.7
Andrew Robinson,Syracuse,Big East,125.7
Shaun Carney,Air Force,MWC,134.3
T.J. Yates,North Carolina,ACC,123.6
Matthew Stafford,Georgia,SEC,128.9
Kyle Israel,UCF,CUSA,128.9
Andre Woodson,Kentucky,SEC,144.5
Tim Hiller,Western Michigan,MAC,132.2
Donovan Porterie,New Mexico,MWC,126.3
Brian Hoyer,Michigan State,Big Ten,131.9
Kyle Wright,Miami (FL),ACC,124.2
Chase Holbrook,New Mexico State,WAC,139.1
Justin Willis,SMU,CUSA,129.4
Aaron Opelt,Toledo,MAC,127.4
Willie Tuitama,Arizona,Pac-10,134.5
C.J. Bacher,Northwestern,Big Ten,124.7
Kevin O'Connell,San Diego State,MWC,124.8
Chad Henne,Michigan,Big Ten,130.5
Matt Ryan,Boston College,ACC,127.0
Tyler Sheehan,Bowling Green State,MAC,132.6
Kellen Lewis,Indiana,Big Ten,134.2
Cullen Harper,Clemson,ACC,141.0
John David Booty,USC,Pac-10,138.0
Curtis Painter,Purdue,Big Ten,132.3
Erik Ainge,Tennessee,SEC,135.5
Matt Grothe,South Florida,Big East,121.0
Drew Willy,Buffalo,MAC,135.7
Thaddeus Lewis,Duke,ACC,125.7
Tyler Lorenzen,Connecticut,Big East,123.0
Riley Skinner,Wake Forest,ACC,133.4
Brian Johnson,Utah,MWC,129.6
Leon Jackson III,Utah State,WAC,132.1
Anthony Scelfo,Tulane,CUSA,114.2
Patrick Pinkney,East Carolina,CUSA,131.7
Dan Lefevour,Central Michigan,MAC,133.5
Josh Freeman,Kansas State,Big 12,127.3
Nate Longshore,California,Pac-10,123.3
Matt Flynn,LSU,SEC,125.8
Seth Adams,Ole Miss,SEC,113.4
Chase Clement,Rice,CUSA,127.4
Anthony Morelli,Penn State,Big Ten,124.2
Andy Dalton,Texas Christian,MWC,118.5
Brandon Cox,Auburn,SEC,116.0
Dan Nicholson,Northern Illinois,MAC,116.9
Cody Hawkins,Colorado,Big 12,119.8
Taylor Bennett,Georgia Tech,ACC,106.0
Juice Williams,Illinois,Big Ten,119.2
Casey Dick,Arkansas,SEC,126.6
Jeremy Young,Southern Mississippi,CUSA,117.5
Adam Weber,Minnesota,Big Ten,120.8
Daniel Raudabaugh,Miami (OH),MAC,112.3
Corey Leonard,Arkansas State,Sun Belt,112.5
Drew Weatherford,Florida State,ACC,118.5
Omar Haugabook,Troy,Sun Belt,120.1
Stephen McGee,Texas A&M,Big 12,117.8
Jake Locker,Washington,Pac-10,105.0
Travis Dixon,UNLV,MWC,109.3
Kinsmon Lancaster,Louisiana-Monroe,Sun Belt,120.3
Andy Schmitt,Eastern Michigan,MAC,130.9
John Parker Wilson,Alabama,SEC,114.6
Blake Szymanski,Baylor,Big 12,117.0
Giovanni Vizza,North Texas,Sun Belt,114.8
Carson Williams,Army,Ind,108.7
Jake Christensen,Iowa,Big Ten,116.9
Jameel Sewell,Virginia,ACC,114.9
Daniel Evans,North Carolina State,ACC,111.5
Nathan Enderle,Idaho,WAC,93.7
Pat Bostick,Pitt,Big East,111.7
Chris Jacquemain,Akron,MAC,111.5
Sam Hunt,UAB,CUSA,96.7
Sean Canfield,Oregon State,Pac-10,106.4
Michael Desormeaux,Louisiana,Sun Belt,109.1
Tavita Pritchard,Stanford,Pac-10,97.5
Mackenzi Adams,Vanderbilt,SEC,113.4
Zac Champion,Louisiana Tech,WAC,110.5
Bret Meyer,Iowa State,Big 12,109.3
Karsten Sween,Wyoming,MWC,108.9
Wesley Carroll,Mississippi State,SEC,104.6
Wayne Younger,Florida International,Sun Belt,87.1
Jimmy Clausen,Notre Dame,Ind,103.9
David Johnson,Tulsa,CUSA,178.7
Sam Bradford,Oklahoma,Big 12,180.8
Zac Robinson,Oklahoma State,Big 12,166.8
Tim Tebow,Florida,SEC,172.4
Nate Davis,Ball State,MAC,157.0
Matthew Stafford,Georgia,SEC,153.5
Colt McCoy,Texas,Big 12,173.8
Mark Sanchez,USC,Pac-10,164.6
Kellen Moore,Boise State,WAC,157.1
Mike Teel,Rutgers,Big East,148.1
Case Keenum,Houston,CUSA,159.9
Joe Ganz,Nebraska,Big 12,153.6
Chase Clement,Rice,CUSA,163.9
Jevan Snead,Ole Miss,SEC,145.5
Max Hall,Brigham Young,MWC,157.2
Juice Williams,Illinois,Big Ten,138.1
Adam Dimichele,Temple,MAC,148.0
Graham Harrell,Texas Tech,Big 12,160.0
Chase Daniel,Missouri,Big 12,159.4
Daryll Clark,Penn State,Big Ten,143.4
Todd Reesing,Kansas,Big 12,148.5
Trevor Vittatoe,UTEP,CUSA,146.4
Robert Griffin III,Baylor,Big 12,142.0
Willie Tuitama,Arizona,Pac-10,144.9
Josh Freeman,Kansas State,Big 12,136.5
Billy Farris,Colorado State,MWC,136.2
Matt Grothe,South Florida,Big East,135.8
Boo Jackson,Ohio,MAC,137.8
Corey Leonard,Arkansas State,Sun Belt,130.7
Ricky Stanzi,Iowa,Big Ten,134.8
Michael Desormeaux,Louisiana,Sun Belt,135.0
Brian Johnson,Utah,MWC,149.4
Jerrod Johnson,Texas A&M,Big 12,137.4
Chase Holbrook,New Mexico State,WAC,141.3
Rusty Smith,Florida Atlantic,Sun Belt,127.8
Colin Kaepernick,Nevada,WAC,132.1
Dan Lefevour,Central Michigan,MAC,144.2
Patrick Pinkney,East Carolina,CUSA,131.3
Tony Pike,Cincinnati,Big East,136.4
Paul McCall,Florida International,Sun Belt,124.4
Joe Craddock,Middle Tennessee State,Sun Belt,135.5
Andy Dalton,Texas Christian,MWC,129.2
Omar Clayton,UNLV,MWC,140.5
Jeremiah Masoli,Oregon,Pac-10,132.0
Jimmy Clausen,Notre Dame,Ind,132.5
Tom Brandstater,Fresno State,WAC,129.4
Cullen Harper,Clemson,ACC,126.2
Casey Dick,Arkansas,SEC,122.4
Chandler Harnish,Northern Illinois,MAC,120.7
Tim Hiller,Western Michigan,MAC,143.8
Drew Willy,Buffalo,MAC,139.3
Rudy Carpenter,Arizona State,Pac-10,130.3
Bill Stull,Pitt,Big East,119.9
Russell Wilson,North Carolina State,ACC,133.9
Bo Levi Mitchell,SMU,CUSA,124.4
Austen Arnaud,Iowa State,Big 12,127.4
Lyle Moevao,Oregon State,Pac-10,128.4
John Parker Wilson,Alabama,SEC,122.3
Jarrett Lee,LSU,SEC,116.9
Diondre Borel,Utah State,WAC,122.1
Austin Davis,Southern Mississippi,CUSA,128.6
Chris Jacquemain,Akron,MAC,125.3
Brian Hoyer,Michigan State,Big Ten,111.5
Arkelon Hall,Memphis,CUSA,121.7
Adam Weber,Minnesota,Big Ten,126.9
Chris Turner,Maryland,ACC,119.3
Joe Webb,UAB,CUSA,115.5
Pat White,West Virginia,Big East,142.3
Hunter Cantwell,Louisville,Big East,119.7
Kevin Moore,Tulane,CUSA,111.3
Julian Edelman,Kent State,MAC,118.8
Tyler Sheehan,Bowling Green State,MAC,133.6
Riley Skinner,Wake Forest,ACC,126.2
Kinsmon Lancaster,Louisiana-Monroe,Sun Belt,128.7
Chris Smelley,South Carolina,SEC,114.8
Tavita Pritchard,Stanford,Pac-10,114.6
Andy Schmitt,Eastern Michigan,MAC,123.9
Curtis Painter,Purdue,Big Ten,118.6
Christian Ponder,Florida State,ACC,115.0
Ryan Lindley,San Diego State,MWC,117.0
Levi Brown,Troy,Sun Belt,127.3
Kyle Reed,San Jose State,WAC,122.9
Kevin Riley,California,Pac-10,117.8
Nathan Enderle,Idaho,WAC,115.2
Robert Marve,Miami (FL),ACC,107.2
C.J. Bacher,Northwestern,Big Ten,116.5
Thaddeus Lewis,Duke,ACC,123.0
Cody Hawkins,Colorado,Big 12,118.1
Kellen Lewis,Indiana,Big Ten,108.2
Aaron Opelt,Toledo,MAC,115.3
Marc Verica,Virginia,ACC,110.6
Mark Cann,Marshall,CUSA,105.1
Tyson Lee,Mississippi State,SEC,113.0
Daniel Raudabaugh,Miami (OH),MAC,109.0
Giovanni Vizza,North Texas,Sun Belt,113.2
Kevin Craft,UCLA,Pac-10,98.7
Kevin Craft,UCLA,Pac-10,98.7
Chris Crane,Boston College,ACC,104.4
Brad Gruner,New Mexico,MWC,100.0
David Wolke,Western Kentucky,Sun Belt,99.5
David Wolke,Western Kentucky,Sun Belt,99.5
Steven Threet,Michigan,Big Ten,105.3
Mike Hartline,Kentucky,SEC,104.7
Ronnie Fouch,Washington,Pac-10,85.1
Cameron Dantley,Syracuse,Big East,102.1
Tyrod Taylor,Virginia Tech,ACC,149.4
Nathan Enderle,Idaho,WAC,157.3
Tim Tebow,Florida,SEC,164.2
Ryan Mallett,Arkansas,SEC,152.5
Andrew Luck,Stanford,Pac-10,143.5
Jimmy Clausen,Notre Dame,Ind,161.4
Max Hall,Brigham Young,MWC,160.1
B.J. Daniels,South Florida,Big East,139.5
Andy Dalton,Texas Christian,MWC,151.8
Joe Webb,UAB,CUSA,150.7
Levi Brown,Troy,Sun Belt,146.1
Jacory Harris,Miami (FL),ACC,140.1
Ryan Colburn,Fresno State,WAC,143.7
Trey Revell,Louisiana-Monroe,Sun Belt,134.6
Kellen Moore,Boise State,WAC,161.7
Scott Tolzien,Wisconsin,Big Ten,143.0
Kirk Cousins,Michigan State,Big Ten,142.6
Bill Stull,Pitt,Big East,150.6
Case Keenum,Houston,CUSA,154.8
Blaine Gabbert,Missouri,Big 12,140.5
Trevor Vittatoe,UTEP,CUSA,130.1
Martevious Young,Southern Mississippi,CUSA,145.7
Russell Wilson,North Carolina State,ACC,147.8
Chris Todd,Auburn,SEC,145.7
Chris Todd,Auburn,SEC,145.7
Ricky Stanzi,Iowa,Big Ten,131.6
Riley Skinner,Wake Forest,ACC,147.8
Daryll Clark,Penn State,Big Ten,142.6
Diondre Borel,Utah State,WAC,137.8
G.J. Kinne,Tulsa,CUSA,142.6
Matt Barkley,USC,Pac-10,131.3
Joe Cox,Georgia,SEC,136.3
Tom Savage,Rutgers,Big East,128.7
Greg McElroy,Alabama,SEC,140.5
Aaron Opelt,Toledo,MAC,135.8
Terrance Cain,Utah,MWC,139.4
Colt McCoy,Texas,Big 12,147.4
Dan Lefevour,Central Michigan,MAC,150.3
Kevin Riley,California,Pac-10,128.7
Jevan Snead,Ole Miss,SEC,124.8
Tony Pike,Cincinnati,Big East,149.8
Bryant Moniz,Hawaii,WAC,128.4
Grant Stucker,Colorado State,MWC,121.9
Chandler Harnish,Northern Illinois,MAC,137.9
Jeff Van Camp,Florida Atlantic,Sun Belt,141.2
Thaddeus Lewis,Duke,ACC,134.5
Brett Hodges,UCF,CUSA,131.3
Brett Hodges,UCF,CUSA,131.3
Todd Reesing,Kansas,Big 12,134.9
Taylor Potts,Texas Tech,Big 12,137.1
Sean Canfield,Oregon State,Pac-10,141.9
Jonathan Crompton,Tennessee,SEC,136.0
Jordan Jefferson,LSU,SEC,137.2
Spencer Keith,Kent State,MAC,126.7
Colin Kaepernick,Nevada,WAC,139.1
Tate Forcier,Michigan,Big Ten,128.1
Jerrod Johnson,Texas A&M,Big 12,136.7
Jarrett Brown,West Virginia,Big East,130.2
Ross Jenkins,Louisiana Tech,WAC,135.9
Juice Williams,Illinois,Big Ten,129.4
Landry Jones,Oklahoma,Big 12,130.8
Jake Locker,Washington,Pac-10,130.1
Zach Maynard,Buffalo,MAC,125.0
Zac Lee,Nebraska,Big 12,126.9
Terrelle Pryor,Ohio State,Big Ten,128.9
Dave Shinskie,Boston College,ACC,119.0
Greg Paulus,Syracuse,Big East,132.6
Tyler Sheehan,Bowling Green State,MAC,137.1
Mike Kafka,Northwestern,Big Ten,129.3
Ryan Lindley,San Diego State,MWC,123.4
Joey Elliott,Purdue,Big Ten,131.1
Dwight Dasher,Middle Tennessee State,Sun Belt,125.6
Adam Weber,Minnesota,Big Ten,114.7
Jeremiah Masoli,Oregon,Pac-10,129.5
Ben Chappell,Indiana,Big Ten,126.4
Theo Scott,Ohio,MAC,128.5
Zac Robinson,Oklahoma State,Big 12,126.4
Kyle Parker,Clemson,ACC,124.4
Omar Clayton,UNLV,MWC,123.4
Chris Turner,Maryland,ACC,121.1
Patrick Pinkney,East Carolina,CUSA,120.9
Kevin Prince,UCLA,Pac-10,115.5
Austen Arnaud,Iowa State,Big 12,121.3
Nick Florence,Baylor,Big 12,119.1
Corey Leonard,Arkansas State,Sun Belt,115.7
Stephen Garcia,South Carolina,SEC,119.3
Brian Anderson,Marshall,CUSA,119.0
Zac Dysert,Miami (OH),MAC,118.2
Chris Masson,Louisiana,Sun Belt,118.3
Riley Dodge,North Texas,Sun Belt,122.3
Will Hudgens,Memphis,CUSA,120.3
Tyson Lee,Mississippi State,SEC,107.0
Vaughn Charlton,Temple,MAC,110.2
Tim Hiller,Western Michigan,MAC,122.9
Paul McCall,Florida International,Sun Belt,117.6
Jordan La Secla,San Jose State,WAC,116.7
Jameel Sewell,Virginia,ACC,110.0
Danny Sullivan,Arizona State,Pac-10,110.9
Kawaun Jakes,Western Kentucky,Sun Belt,117.6
Ryan Griffin,Tulane,CUSA,123.8
Nick Foles,Arizona,Pac-10,125.2
T.J. Yates,North Carolina,ACC,115.4
Austyn Carta-Samuels,Wyoming,MWC,116.0
Nick Fanuzzi,Rice,CUSA,117.2
Donovan Porterie,New Mexico,MWC,107.7
Larry Smith,Vanderbilt,SEC,88.0
Cam Newton,Auburn,SEC,182.0
Kellen Moore,Boise State,WAC,182.6
Greg McElroy,Alabama,SEC,169.0
Ryan Mallett,Arkansas,SEC,163.6
Scott Tolzien,Wisconsin,Big Ten,165.9
Bryant Moniz,Hawaii,WAC,159.1
Ryan Lindley,San Diego State,MWC,149.4
Jeff Godfrey,UCF,CUSA,154.3
Jeffrey Godfrey,UCF,CUSA,154.3
Andrew Luck,Stanford,Pac-10,170.2
Andy Dalton,Texas Christian,MWC,166.5
Aaron Murray,Georgia,SEC,154.5
Stephen Garcia,South Carolina,SEC,148.7
Denard Robinson,Michigan,Big Ten,149.6
Ricky Stanzi,Iowa,Big Ten,157.6
Tyrod Taylor,Virginia Tech,ACC,154.8
Chandler Harnish,Northern Illinois,MAC,157.8
Terrelle Pryor,Ohio State,Big Ten,157.9
Dan Persa,Northwestern,Big Ten,159.0
Brandon Weeden,Oklahoma State,Big 12,154.1
Colin Kaepernick,Nevada,WAC,150.5
Kirk Cousins,Michigan State,Big Ten,150.7
T.J. Yates,North Carolina,ACC,145.5
Chris Relf,Mississippi State,SEC,141.0
Darron Thomas,Oregon,Pac-10,151.0
G.J. Kinne,Tulsa,CUSA,144.3
Mike Hartline,Kentucky,SEC,146.4
Ryan Colburn,Fresno State,WAC,144.9
Jordan Wynn,Utah,MWC,139.9
Carson Coffman,Kansas State,Big 12,143.1
Robert Griffin III,Baylor,Big 12,144.2
Boo Jackson,Ohio,MAC,136.2
Landry Jones,Oklahoma,Big 12,146.3
Zach Collaros,Cincinnati,Big East,137.5
Jeff Tuel,Washington State,Pac-10,133.3
Kyle Padron,SMU,CUSA,137.4
Nick Foles,Arizona,Pac-10,140.9
Steven Threet,Arizona State,Pac-10,133.4
Matt Simms,Tennessee,SEC,129.3
Corey Robinson,Troy,Sun Belt,137.9
Matt Barkley,USC,Pac-10,141.2
Geno Smith,West Virginia,Big East,144.7
Tino Sunseri,Pitt,Big East,137.0
Alex Carder,Western Michigan,MAC,140.6
Jordan La Secla,San Jose State,WAC,125.8
Adam Weber,Minnesota,Big Ten,129.9
Jeff Van Camp,Florida Atlantic,Sun Belt,128.0
Chas Dodd,Rutgers,Big East,126.8
Ryan Radcliff,Central Michigan,MAC,125.8
Bryan Ellis,UAB,CUSA,130.5
Ryan Aplin,Arkansas State,Sun Belt,133.2
Danny O'Brien,Maryland,ACC,134.5
Ryan Williams,Memphis,CUSA,124.9
Ryan Williams,Memphis,CUSA,124.9
Marc Verica,Virginia,ACC,122.8
Wesley Carroll,Florida International,Sun Belt,128.4
Alex Gillett,Eastern Michigan,MAC,122.7
Austin Davis,Southern Mississippi,CUSA,134.1
Zac Dysert,Miami (OH),MAC,129.2
Nick Fanuzzi,Rice,CUSA,128.8
Ryan Tannehill,Texas A&M,Big 12,137.0
Nathan Enderle,Idaho,WAC,123.4
Jeremiah Masoli,Ole Miss,SEC,121.1
Nathan Scheelhaase,Illinois,Big Ten,132.0
B.J. Daniels,South Florida,Big East,120.3
Taylor Potts,Texas Tech,Big 12,141.1
Russell Wilson,North Carolina State,ACC,127.5
Ben Chappell,Indiana,Big Ten,132.5
Trevor Vittatoe,UTEP,CUSA,122.4
Pete Thomas,Colorado State,MWC,124.5
Kolton Browning,Louisiana-Monroe,Sun Belt,128.0
Ryan Katz,Oregon State,Pac-10,127.3
Jake Locker,Washington,Pac-10,124.2
Christian Ponder,Florida State,ACC,135.7
Austyn Carta-Samuels,Wyoming,MWC,123.3
Jordan Jefferson,LSU,SEC,114.7
Blaine Gabbert,Missouri,Big 12,127.0
Sean Renfree,Duke,ACC,120.7
Diondre Borel,Utah State,WAC,109.7
Cody Hawkins,Colorado,Big 12,125.6
Chris Masson,Louisiana,Sun Belt,116.8
Jacory Harris,Miami (FL),ACC,116.6
Dominique Davis,East Carolina,CUSA,134.0
Ryan Nassib,Syracuse,Big East,124.2
Kyle Parker,Clemson,ACC,117.2
Ryan Griffin,Tulane,CUSA,121.6
Omar Clayton,UNLV,MWC,118.6
Ross Jenkins,Louisiana Tech,WAC,126.8
John Brantley,Florida,SEC,116.4
Garrett Gilbert,Texas,Big 12,111.0
Brian Anderson,Marshall,CUSA,117.7
Spencer Keith,Kent State,MAC,111.3
Richard Brehaut,UCLA,Pac-10,110.2
Jake Heaps,Brigham Young,MWC,116.2
Matt Schilz,Bowling Green State,MAC,109.8
Jerry Davis,Buffalo,MAC,104.0
Austen Arnaud,Iowa State,Big 12,116.2
Kawaun Jakes,Western Kentucky,Sun Belt,106.9
Keith Wenning,Ball State,MAC,111.3
Tanner Price,Wake Forest,ACC,106.8
Jordan Webb,Kansas,Big 12,106.8
Zach Frazer,Connecticut,Big East,99.7
Patrick Nicely,Akron,MAC,95.3
Larry Smith,Vanderbilt,SEC,94.3
Robert Griffin III,Baylor,Big 12,189.5
Russell Wilson,Wisconsin,Big Ten,191.8
Case Keenum,Houston,CUSA,174.0
Bryn Renner,North Carolina,ACC,159.4
Terrance Owens,Toledo,MAC,169.2
Kellen Moore,Boise State,MWC,175.2
Andrew Luck,Stanford,Pac-12,169.7
Blaine Gautier,Louisiana,Sun Belt,153.6
E.J. Manuel,Florida State,ACC,151.2
Keith Price,Washington,Pac-12,161.9
Casey Pachall,Texas Christian,MWC,158.0
John Brantley,Florida,SEC,140.8
Riley Nelson,Brigham Young,Ind,152.9
Riley Nelson,Brigham Young,Ind,152.9
Brandon Weeden,Oklahoma State,Big 12,159.7
Chandler Harnish,Northern Illinois,MAC,153.0
Denard Robinson,Michigan,Big Ten,139.7
Geno Smith,West Virginia,Big East,152.6
Tyler Wilson,Arkansas,SEC,148.4
Jacory Harris,Miami (FL),ACC,150.6
Jeff Godfrey,UCF,CUSA,140.5
Kevin Prince,UCLA,Pac-12,135.3
Darron Thomas,Oregon,Pac-12,158.7
Tyler Tettleton,Ohio,MAC,148.9
A.J. McCarron,Alabama,SEC,147.3
Dan Persa,Northwestern,Big Ten,154.8
Landry Jones,Oklahoma,Big 12,141.6
Derek Carr,Fresno State,WAC,144.5
Matt Barkley,USC,Pac-12,161.2
Kirk Cousins,Michigan State,Big Ten,145.1
G.J. Kinne,Tulsa,CUSA,147.4
Brock Osweiler,Arizona State,Pac-12,140.5
Zac Dysert,Miami (OH),MAC,143.7
Aaron Murray,Georgia,SEC,146.4
Cody Fajardo,Nevada,WAC,138.2
Nick Foles,Arizona,Pac-12,145.6
Alex Carder,Western Michigan,MAC,145.3
Tajh Boyd,Clemson,ACC,141.2
Logan Thomas,Virginia Tech,ACC,135.5
Nick Lamaison,UTEP,CUSA,131.2
James Franklin,Missouri,Big 12,139.9
Marshall Lobbestael,Washington State,Pac-12,138.3
Alex Gillett,Eastern Michigan,MAC,135.1
Ryan Aplin,Arkansas State,Sun Belt,133.6
J.J. McDermott,SMU,CUSA,128.2
J.J. McDermott,SMU,CUSA,128.2
Matt Faulkner,San Jose State,WAC,131.6
James Vandenberg,Iowa,Big Ten,138.5
Austin Davis,Southern Mississippi,CUSA,138.2
Zach Maynard,California,Pac-12,127.0
Ryan Radcliff,Central Michigan,MAC,128.8
Matt Schilz,Bowling Green State,MAC,137.2
Michael Rocco,Virginia,ACC,127.1
Nathan Scheelhaase,Illinois,Big Ten,133.4
Taylor Martinez,Nebraska,Big Ten,126.5
Wesley Carroll,Florida International,Sun Belt,131.8
Teddy Bridgewater,Louisville,Big East,132.4
Ryan Tannehill,Texas A&M,Big 12,133.2
Ryan Lindley,San Diego State,MWC,125.7
Tanner Price,Wake Forest,ACC,132.8
B.J. Daniels,South Florida,Big East,126.7
Zach Collaros,Cincinnati,Big East,131.8
Jordan Rodgers,Vanderbilt,SEC,113.8
Sean Mannion,Oregon State,Pac-12,127.1
Tyler Hansen,Colorado,Pac-12,125.5
Tommy Rees,Notre Dame,Ind,133.4
Marqueis Gray,Minnesota,Big Ten,114.5
Seth Doege,Texas Tech,Big 12,138.9
Bryant Moniz,Hawaii,WAC,136.1
Caleb Terbush,Purdue,Big Ten,130.7
Tino Sunseri,Pitt,Big East,124.1
Rakeem Cato,Marshall,CUSA,125.8
Jonathan Perry,UAB,CUSA,120.8
Collin Klein,Kansas State,Big 12,125.6
Matt McGloin,Penn State,Big Ten,118.3
Gary Nova,Rutgers,Big East,116.6
Jon Hays,Utah,Pac-12,124.4
Corey Robinson,Troy,Sun Belt,126.3
Mike Glennon,North Carolina State,ACC,136.4
Sean Renfree,Duke,ACC,126.5
Jordan Webb,Kansas,Big 12,126.7
Kawaun Jakes,Western Kentucky,Sun Belt,115.1
Dominique Davis,East Carolina,CUSA,131.5
Ryan Nassib,Syracuse,Big East,129.9
Derek Thompson,North Texas,Sun Belt,121.0
Brett Smith,Wyoming,MWC,124.6
Johnny McEntee,Connecticut,Big East,111.3
B.R. Holbrook,New Mexico,MWC,112.4
Keith Wenning,Ball State,MAC,125.1
Chase Rettig,Boston College,ACC,112.4
Danny O'Brien,Maryland,ACC,109.6
Pete Thomas,Colorado State,MWC,116.1
Ryan Griffin,Tulane,CUSA,112.8
Logan Kilgore,Middle Tennessee State,Sun Belt,119.7
Chazz Anderson,Buffalo,MAC,111.9
Kolton Browning,Louisiana-Monroe,Sun Belt,114.4
Taylor Reed,Memphis,CUSA,113.9
Nick Isham,Louisiana Tech,WAC,112.8
Brian Reader,Idaho,WAC,103.6
Clayton Moore,Akron,MAC,96.3
Spencer Keith,Kent State,MAC,100.8
Graham Wilbert,Florida Atlantic,Sun Belt,91.7
Caleb Herring,UNLV,MWC,102.8
Aaron Murray,Georgia,SEC,174.8
Nick Florence,Baylor,Big 12,157.5
David Fales,San Jose State,WAC,170.8
A.J. McCarron,Alabama,SEC,175.3
Tajh Boyd,Clemson,ACC,165.6
Terrence Broadway,Louisiana,Sun Belt,153.4
Teddy Bridgewater,Louisville,Big East,160.5
E.J. Manuel,Florida State,ACC,156.1
Collin Klein,Kansas State,Big 12,149.2
Brett Smith,Wyoming,MWC,157.7
Connor Shaw,South Carolina,SEC,158.1
Johnny Manziel,Texas A&M,SEC,155.3
Matt Barkley,USC,Pac-12,157.6
Taylor Kelly,Arizona State,Pac-12,159.9
David Ash,Texas,Big 12,153.3
Tyler Wilson,Arkansas,SEC,143.8
Tino Sunseri,Pitt,Big East,151.5
Chuckie Keeton,Utah State,WAC,154.7
Ryan Aplin,Arkansas State,Sun Belt,154.7
Geno Smith,West Virginia,Big 12,163.9
Bo Wallace,Ole Miss,SEC,142.7
Jake Medlock,Florida International,Sun Belt,140.5
Derek Carr,Fresno State,MWC,155.9
Ryan Nassib,Syracuse,Big East,143.3
Tyler Bray,Tennessee,SEC,146.3
Bryn Renner,North Carolina,ACC,150.8
Jordan Lynch,Northern Illinois,MAC,144.9
Corey Robinson,Troy,Sun Belt,139.0
Marcus Mariota,Oregon,Pac-12,163.2
Jordan Rodgers,Vanderbilt,SEC,139.1
Kawaun Jakes,Western Kentucky,Sun Belt,147.3
Braxton Miller,Ohio State,Big Ten,140.5
Colby Cameron,Louisiana Tech,WAC,153.2
Stephen Morris,Miami (FL),ACC,138.1
Sean Mannion,Oregon State,Pac-12,138.8
Seth Doege,Texas Tech,Big 12,153.4
Brett Hundley,UCLA,Pac-12,147.7
Ryan Radcliff,Central Michigan,MAC,139.0
Taylor Martinez,Nebraska,Big Ten,141.6
Landry Jones,Oklahoma,Big 12,144.6
Blake Bortles,UCF,CUSA,144.5
Tyler Tettleton,Ohio,MAC,141.2
Terrance Owens,Toledo,MAC,135.0
Logan Kilgore,Middle Tennessee State,Sun Belt,139.9
Cody Fajardo,Nevada,MWC,143.9
Everett Golson,Notre Dame,Ind,131.0
Shane Carden,East Carolina,CUSA,143.0
Austin Brown,UAB,CUSA,128.2
Zach Maynard,California,Pac-12,130.3
Munchie Legaux,Cincinnati,Big East,125.7
Tyler Russell,Mississippi State,SEC,135.4
Joe Southwick,Boise State,MWC,141.8
Chandler Whitmer,Connecticut,Big East,119.0
Zach Mettenberger,LSU,SEC,128.3
Eric Soza,UTSA,WAC,142.2
Matt Scott,Arizona,Pac-12,133.5
Zac Dysert,Miami (OH),MAC,136.1
Matt McGloin,Penn State,Big Ten,137.7
Rakeem Cato,Marshall,CUSA,147.1
Andrew Manley,New Mexico State,WAC,124.1
B.J. Daniels,South Florida,Big East,126.0
Michael Rocco,Virginia,ACC,129.7
Mike Glennon,North Carolina State,ACC,130.7
Sean Renfree,Duke,ACC,136.3
Kolton Browning,Louisiana-Monroe,Sun Belt,141.3
Derek Thompson,North Texas,Sun Belt,121.8
Shaun Rutherford,Texas State,WAC,137.8
Tyler Benz,Eastern Michigan,MAC,127.7
Ryan Griffin,Tulane,CUSA,132.4
Trevone Boykin,Texas Christian,Big 12,126.4
Tyler Van Tubbergen,Western Michigan,MAC,130.2
Logan Thomas,Virginia Tech,ACC,115.9
Graham Wilbert,Florida Atlantic,Sun Belt,134.5
Gary Nova,Rutgers,Big East,125.8
Jacob Karam,Memphis,CUSA,137.0
Robert Marve,Purdue,Big Ten,138.8
Taylor McHargue,Rice,CUSA,125.9
Keith Wenning,Ball State,MAC,134.8
Cameron Coffman,Indiana,Big Ten,123.9
Nick Lamaison,UTEP,CUSA,114.8
Jeff Driskel,Florida,SEC,132.2
James Franklin,Missouri,SEC,123.6
Chase Rettig,Boston College,ACC,115.7
Dalton Williams,Akron,MAC,126.6
David Piland,Houston,CUSA,118.5
Riley Nelson,Brigham Young,Ind,119.1
Riley Nelson,Brigham Young,Ind,119.1
Connor Halliday,Washington State,Pac-12,114.5
Travis Wilson,Utah,Pac-12,122.2
Keith Price,Washington,Pac-12,122.4
Matt Schilz,Bowling Green State,MAC,113.2
Jeff Tuel,Washington State,Pac-12,119.5
Cody Green,Tulsa,CUSA,114.5
Cody Green,Tulsa,CUSA,114.5
Ross Metheny,South Alabama,Sun Belt,111.6
Ross Metheny,South Alabama,Sun Belt,111.6
Phillip Sims,Virginia,ACC,119.1
Phillip Sims,Virginia,ACC,119.1
Spencer Keith,Kent State,MAC,111.8
Dayne Crist,Kansas,Big 12,96.5
Nick Sherry,UNLV,MWC,107.6
Steele Jantz,Iowa State,Big 12,119.2
Trevor Siemian,Northwestern,Big Ten,115.6
Alex Zordich,Buffalo,MAC,109.2
Garrett Gilbert,SMU,CUSA,105.5
Andrew Maxwell,Michigan State,Big Ten,107.1
James Vandenberg,Iowa,Big Ten,107.7
Tanner Price,Wake Forest,ACC,109.0
Sean Schroeder,Hawaii,MWC,100.3
Nathan Scheelhaase,Illinois,Big Ten,105.9
Jordan Webb,Colorado,Pac-12,103.7
Mike Wegzyn,Massachusetts,MAC,96.8
Jameis Winston,Florida State,ACC,184.8
Bryce Petty,Baylor,Big 12,174.3
Zach Mettenberger,LSU,SEC,171.4
Johnny Manziel,Texas A&M,SEC,172.9
Marcus Mariota,Oregon,Pac-12,167.7
Jake Waters,Kansas State,Big 12,156.8
Blake Bortles,UCF,American,163.4
Matt Johnson,Bowling Green State,MAC,161.7
Teddy Bridgewater,Louisville,American,171.1
Tajh Boyd,Clemson,ACC,168.7
A.J. McCarron,Alabama,SEC,167.2
Terrance Broadway,Louisiana,Sun Belt,153.3
Aaron Murray,Georgia,SEC,158.8
Kevin Hogan,Stanford,Pac-12,151.5
Stephen Morris,Miami (FL),ACC,144.7
David Fales,San Jose State,MWC,153.3
Devin Gardner,Michigan,Big Ten,146.1
Connor Shaw,South Carolina,SEC,162.9
Brendon Kay,Cincinnati,American,148.9
Keith Price,Washington,Pac-12,153.3
Keith Wenning,Ball State,MAC,154.4
Brett Hundley,UCLA,Pac-12,152.9
P.J. Walker,Temple,American,150.8
Nick Marshall,Auburn,SEC,143.2
Cody Kessler,USC,Pac-12,148.8
Braxton Miller,Ohio State,Big Ten,158.1
Ross Metheny,South Alabama,Sun Belt,141.0
Austyn Carta-Samuels,Vanderbilt,SEC,143.0
C.J. Brown,Maryland,ACC,135.9
Tommy Rees,Notre Dame,Ind,135.4
Sean Schroeder,Hawaii,MWC,145.2
Rakeem Cato,Marshall,CUSA,147.8
Nate Sudfeld,Indiana,Big Ten,142.0
Marquise Williams,North Carolina,ACC,141.1
Derek Carr,Fresno State,MWC,156.3
Sean Mannion,Oregon State,Pac-12,146.6
Garrett Grayson,Colorado State,MWC,138.4
Bo Wallace,Ole Miss,SEC,138.1
Quinn Kaehler,San Diego State,MWC,136.1
Tyler Tettleton,Ohio,MAC,138.8
Travis Wilson,Utah,Pac-12,129.6
Nathan Scheelhaase,Illinois,Big Ten,140.7
Corey Robinson,Troy,Sun Belt,143.3
Tom Savage,Pitt,ACC,138.2
Brandon Doughty,Western Kentucky,Sun Belt,134.8
Chase Rettig,Boston College,ACC,140.6
Shane Carden,East Carolina,CUSA,150.0
Taylor Kelly,Arizona State,Pac-12,139.6
Christian Hackenberg,Penn State,Big Ten,134.0
Davis Webb,Texas Tech,Big 12,139.1
Cody Fajardo,Nevada,MWC,140.8
Adam Kennedy,Arkansas State,Sun Belt,139.9
Cooper Rush,Central Michigan,MAC,126.2
Clint Chelf,Oklahoma State,Big 12,132.7
Grant Hedrick,Boise State,MWC,150.0
Derek Thompson,North Texas,CUSA,133.6
Joel Stave,Wisconsin,Big Ten,138.1
Connor Cook,Michigan State,Big Ten,135.5
Dak Prescott,Mississippi State,SEC,126.6
Jaquez Johnson,Florida Atlantic,CUSA,129.0
Brett Smith,Wyoming,MWC,139.2
Logan Thomas,Virginia Tech,ACC,123.1
Jordan Lynch,Northern Illinois,MAC,138.4
Eric Soza,UTSA,CUSA,127.9
Taylor McHargue,Rice,CUSA,125.3
Trevor Siemian,Northwestern,Big Ten,126.4
Logan Kilgore,Middle Tennessee State,CUSA,127.7
Andrew McDonald,New Mexico State,Ind,134.4
Gary Nova,Rutgers,American,124.7
Blake Bell,Oklahoma,Big 12,132.2
Garrett Gilbert,SMU,American,136.2
John O'Korn,Houston,American,133.0
Joe Licata,Buffalo,MAC,132.7
Anthony Boone,Duke,ACC,128.2
Terrance Owens,Toledo,MAC,132.0
Philip Nelson,Minnesota,Big Ten,119.0
Maxwell Smith,Kentucky,SEC,131.1
Ronnie Bell,Georgia State,Sun Belt,115.1
Jake Rudock,Iowa,Big Ten,126.5
Tyler Benz,Eastern Michigan,MAC,124.3
Taysom Hill,Brigham Young,Ind,118.1
Caleb Herring,UNLV,MWC,136.7
Pete Thomas,North Carolina State,ACC,115.1
Jared Goff,California,Pac-12,123.4
B.J. Denker,Arizona,Pac-12,126.8
Connor Halliday,Washington State,Pac-12,126.5
Nick Mullens,Southern Mississippi,CUSA,108.7
Zach Terrell,Western Michigan,MAC,110.7
Sam B. Richardson,Iowa State,Big 12,118.5
Kolton Browning,Louisiana-Monroe,Sun Belt,124.0
Colin Reardon,Kent State,MAC,117.7
Kyle Pohl,Akron,MAC,113.4
Ryan Higgins,Louisiana Tech,CUSA,108.1
Terrel Hunt,Syracuse,ACC,117.6
Brandon Allen,Arkansas,SEC,109.0
Tanner Price,Wake Forest,ACC,110.2
Paxton Lynch,Memphis,American,110.4
Case McCoy,Texas,Big 12,109.3
Nick Montana,Tulane,CUSA,111.0
Jake Heaps,Kansas,Big 12,97.0
A.J. Doyle,Massachusetts,MAC,99.1
David Watford,Virginia,ACC,99.6
Marcus Mariota,Oregon,Pac-12,181.7
Garrett Grayson,Colorado State,MWC,166.2
Zach Terrell,Western Michigan,MAC,164.4
Bryce Petty,Baylor,Big 12,157.8
J.T. Barrett,Ohio State,Big Ten,169.8
Grant Hedrick,Boise State,MWC,157.2
Blake Sims,Alabama,SEC,157.9
Brandon Doughty,Western Kentucky,CUSA,167.1
Jake Waters,Kansas State,Big 12,154.8
Connor Cook,Michigan State,Big Ten,149.4
Rakeem Cato,Marshall,CUSA,155.4
Dak Prescott,Mississippi State,SEC,151.7
Gary Nova,Rutgers,Big Ten,145.3
Driphus Jackson,Rice,CUSA,148.9
Nick Marshall,Auburn,SEC,151.1
Cody Kessler,USC,Pac-12,167.1
Brad Kaaya,Miami (FL),ACC,145.9
Jameis Winston,Florida State,ACC,145.5
Bo Wallace,Ole Miss,SEC,142.2
Gunner Kiel,Cincinnati,American,149.4
Cooper Rush,Central Michigan,MAC,149.4
Everett Golson,Notre Dame,Ind,143.6
Taylor Lamb,Appalachian State,Sun Belt,142.1
Cody Clements,UAB,CUSA,145.0
Brett Hundley,UCLA,Pac-12,152.7
Trevone Boykin,Texas Christian,Big 12,145.9
Dylan Thompson,South Carolina,SEC,140.4
Kevin Hogan,Stanford,Pac-12,145.8
Jared Goff,California,Pac-12,147.6
Clint Trickett,West Virginia,Big 12,142.3
Tommy Armstrong Jr,Nebraska,Big Ten,133.0
Chad Voytik,Pitt,ACC,140.2
Hutson Mason,Georgia,SEC,155.7
Shane Carden,East Carolina,American,140.8
Cody Sokol,Louisiana Tech,CUSA,138.8
Blake Frohnapfel,Massachusetts,MAC,132.5
Nick Arbuckle,Georgia State,Sun Belt,134.4
Joe Licata,Buffalo,MAC,150.7
Taylor Heinicke,Old Dominion,CUSA,141.8
Fredi Knighten,Arkansas State,Sun Belt,141.1
Austin Grammer,Middle Tennessee State,CUSA,138.4
Logan Woodside,Toledo,MAC,142.5
Taylor Kelly,Arizona State,Pac-12,145.7
Greg Ward Jr.,Houston,American,141.2
Mitch Leidner,Minnesota,Big Ten,123.8
Justin Holman,UCF,American,132.4
Connor Halliday,Washington State,Pac-12,145.0
Colby Kirkegaard,Wyoming,MWC,125.6
Paxton Lynch,Memphis,American,137.6
Cyler Miles,Washington,Pac-12,142.4
Trevor Knight,Oklahoma,Big 12,124.8
Andrew Hendrix,Miami (OH),MAC,121.3
Marquise Williams,North Carolina,ACC,135.3
Blake Decker,UNLV,MWC,121.3
Tyler Jones,Texas State,Sun Belt,140.7
Jake Rudock,Iowa,Big Ten,133.5
Drew Hare,Northern Illinois,MAC,136.3
Tyler Murphy,Boston College,ACC,126.2
Anthony Jennings,LSU,SEC,118.3
Anu Solomon,Arizona,Pac-12,130.7
Sean Mannion,Oregon State,Pac-12,128.3
Jacoby Brissett,North Carolina State,ACC,136.7
Joe Gray,San Jose State,MWC,127.9
Jaquez Johnson,Florida Atlantic,CUSA,131.5
Quinn Kaehler,San Diego State,MWC,115.9
Mike Cummings,Kansas,Big 12,122.4
Reggie Bell,Eastern Michigan,MAC,125.9
Patrick Towles,Kentucky,SEC,122.5
Travis Wilson,Utah,Pac-12,134.7
Nick Mullens,Southern Mississippi,CUSA,122.5
Brandon Silvers,Troy,Sun Belt,138.4
Mike White,South Florida,American,112.4
Chandler Whitmer,Connecticut,American,121.5
Dane Evans,Tulsa,American,120.9
Matt Linehan,Idaho,Sun Belt,114.7
Terrance Broadway,Louisiana,Sun Belt,126.8
Brandon Allen,Arkansas,SEC,129.2
Devin Gardner,Michigan,Big Ten,118.8
James Knapke,Bowling Green State,MAC,118.4
C.J. Brown,Maryland,Big Ten,114.2
Jameill Showers,UTEP,CUSA,119.8
Reilly O'Toole,Illinois,Big Ten,122.3
Sefo Liufau,Colorado,Pac-12,131.8
Tyler Rogers,New Mexico State,Sun Belt,118.8
Maty Mauk,Missouri,SEC,120.8
Andrew McNulty,North Texas,CUSA,111.2
Pete Thomas,Louisiana-Monroe,Sun Belt,120.2
Tyrone Swoopes,Texas,Big 12,116.5
Brandon Bridge,South Alabama,Sun Belt,115.8
Cole Stoudt,Clemson,ACC,119.1
Greyson Lambert,Virginia,ACC,115.7
Christian Hackenberg,Penn State,Big Ten,109.4
Cody Fajardo,Nevada,MWC,120.1
Colin Reardon,Kent State,MAC,112.3
Michael Brewer,Virginia Tech,ACC,117.4
Brian Burrell,Fresno State,MWC,117.8
Ikaika Woolsey,Hawaii,MWC,105.8
P.J. Walker,Temple,American,107.8
Alex McGough,Florida International,CUSA,111.4
J.D. Sprague,Ohio,MAC,99.9
Anthony Boone,Duke,ACC,116.7
Sam B. Richardson,Iowa State,Big 12,115.2
Tanner Lee,Tulane,American,107.6
Kyle Pohl,Akron,MAC,105.9
Trevor Siemian,Northwestern,Big Ten,105.9
John Wolford,Wake Forest,ACC,108.1
Jeff Driskel,Florida,SEC,103.5
Austin Appleby,Purdue,Big Ten,101.7
Vernon Adams,Oregon,Pac-12,179.1
Brandon Doughty,Western Kentucky,CUSA,176.5
Baker Mayfield,Oklahoma,Big 12,173.3
Kevin Hogan,Stanford,Pac-12,171.0
Brandon Allen,Arkansas,SEC,166.5
Nick Arbuckle,Georgia State,Sun Belt,152.7
Jeff Driskel,Louisiana Tech,CUSA,154.1
Trevone Boykin,Texas Christian,Big 12,161.6
Zach Terrell,Western Michigan,MAC,162.5
Jared Goff,California,Pac-12,161.2
Dane Evans,Tulsa,American,151.6
Mason Rudolph,Oklahoma State,Big 12,149.1
Chad Kelly,Ole Miss,SEC,155.9
Gunner Kiel,Cincinnati,American,151.9
Matt Johnson,Bowling Green State,MAC,164.2
Nate Sudfeld,Indiana,Big Ten,151.0
Nick Mullens,Southern Mississippi,CUSA,155.2
Marquise Williams,North Carolina,ACC,150.4
DeShone Kizer,Notre Dame,Ind,150.1
Paxton Lynch,Memphis,American,157.5
Deshaun Watson,Clemson,ACC,156.3
Taylor Lamb,Appalachian State,Sun Belt,160.7
Brad Kaaya,Miami (FL),ACC,142.1
Quinton Flowers,South Florida,American,149.4
Brent Stockstill,Middle Tennessee State,CUSA,151.8
Greg Ward Jr.,Houston,American,148.6
Blake Decker,UNLV,MWC,137.6
Patrick Mahomes,Texas Tech,Big 12,147.2
Anu Solomon,Arizona,Pac-12,147.1
Dak Prescott,Mississippi State,SEC,151.0
Jake Browning,Washington,Pac-12,139.3
Cameron Coffman,Wyoming,MWC,147.0
Cooper Rush,Central Michigan,MAC,144.8
Cody Kessler,USC,Pac-12,151.7
Jake Coker,Alabama,SEC,147.0
Brett Rypien,Boise State,MWC,141.0
Skyler Howard,West Virginia,Big 12,134.7
Jake Rudock,Michigan,Big Ten,141.5
C.J. Beathard,Iowa,Big Ten,139.5
Kyle Allen,Texas A&M,SEC,137.0
Brandon Harris,LSU,SEC,130.6
Connor Cook,Michigan State,Big Ten,136.6
Nick Stevens,Colorado State,MWC,138.8
Greyson Lambert,Georgia,SEC,141.5
Tanner Mangum,Brigham Young,Ind,136.0
Matt Linehan,Idaho,Sun Belt,135.0
John Wolford,Wake Forest,ACC,127.7
Josh Rosen,UCLA,Pac-12,134.3
Tommy Armstrong Jr,Nebraska,Big Ten,128.6
Phillip Ely,Toledo,MAC,131.8
Driphus Jackson,Rice,CUSA,135.3
Bryant Shirreffs,Connecticut,American,127.7
Perry Orth,South Carolina,SEC,125.1
Lamar Jackson,Louisville,ACC,126.8
Justin Thomas,Georgia Tech,ACC,119.1
Mike Bercovici,Arizona State,Pac-12,136.1
Joel Stave,Wisconsin,Big Ten,125.7
Nathan Peterman,Pitt,ACC,139.0
Chris Laviano,Rutgers,Big Ten,131.8
Kenny Potter,San Jose State,MWC,142.3
Fredi Knighten,Arkansas State,Sun Belt,132.9
Derrius Vick,Ohio,MAC,133.4
Brandon Silvers,Troy,Sun Belt,137.5
Thomas Woodson,Akron,MAC,123.1
Luke Falk,Washington State,Pac-12,145.9
Blake Kemp,East Carolina,American,137.5
Treon Harris,Florida,SEC,118.1
Matt Johns,Virginia,ACC,127.8
Christian Hackenberg,Penn State,Big Ten,123.9
Sefo Liufau,Colorado,Pac-12,125.7
Cody Clements,South Alabama,Sun Belt,115.7
Brooks Haack,Louisiana,Sun Belt,121.2
P.J. Walker,Temple,American,125.3
Chase Litton,Marshall,CUSA,132.8
Jacoby Brissett,North Carolina State,ACC,130.3
Joshua Dobbs,Tennessee,SEC,127.0
Matt Davis,SMU,American,122.2
Travis Wilson,Utah,Pac-12,125.4
Joe Hubener,Kansas State,Big 12,107.3
Joe Licata,Buffalo,MAC,123.0
Mitch Leidner,Minnesota,Big Ten,121.2
Tyler Jones,Texas State,Sun Belt,120.6
Brogan Roback,Eastern Michigan,MAC,125.3
Patrick Towles,Kentucky,SEC,112.0
Tyler Stewart,Nevada,MWC,123.0
Jaquez Johnson,Florida Atlantic,CUSA,115.9
Alex McGough,Florida International,CUSA,131.4
Dalton Sturm,UTSA,CUSA,126.6
Joel Lanning,Iowa State,Big 12,123.3
Billy Bahl,Miami (OH),MAC,98.5
Blake Frohnapfel,Massachusetts,MAC,114.0
Thomas Sirk,Duke,ACC,119.0
Garrett Smith,Louisiana-Monroe,Sun Belt,118.5
Tanner Lee,Tulane,American,109.8
Riley Neal,Ball State,MAC,117.6
Wes Lunt,Illinois,Big Ten,111.5
Johnny McCrary,Vanderbilt,SEC,101.3
Perry Hills,Maryland,Big Ten,96.9
Ryan Willis,Kansas,Big 12,99.9
Justin Holman,UCF,American,95.0
David Blough,Purdue,Big Ten,108.6
Shuler Bentley,Old Dominion,CUSA,107.0
Clayton Thorson,Northwestern,Big Ten,95.9
Drew Lock,Missouri,SEC,90.5
Damarcus Smith,North Texas,CUSA,94.9
Lee McNeill,Charlotte,CUSA,83.1
Baker Mayfield,Oklahoma,Big 12,196.4
Mike White,Western Kentucky,CUSA,181.4
Logan Woodside,Toledo,MAC,183.3
Nick Stevens,Colorado State,MWC,171.3
Zach Terrell,Western Michigan,MAC,175.2
Ryan Higgins,Louisiana Tech,CUSA,168.6
Brett Rypien,Boise State,MWC,155.7
Trace McSorley,Penn State,Big Ten,156.9
Nathan Peterman,Pitt,ACC,163.4
Mason Rudolph,Oklahoma State,Big 12,158.9
Jake Browning,Washington,Pac-12,167.5
Lamar Jackson,Louisville,ACC,148.8
Austin Allen,Arkansas,SEC,146.0
Josh Allen,Wyoming,MWC,144.9
Patrick Mahomes,Texas Tech,Big 12,157.0
Nick Mullens,Southern Mississippi,CUSA,149.8
Quinton Flowers,South Florida,American,153.6
Mitch Trubisky,North Carolina,ACC,157.9
Jerod Evans,Virginia Tech,ACC,153.1
Brad Kaaya,Miami (FL),ACC,150.3
Deondre Francois,Florida State,ACC,142.1
Sam Darnold,USC,Pac-12,161.1
Chad Kelly,Ole Miss,SEC,147.4
Riley Ferguson,Memphis,American,152.6
P.J. Walker,Temple,American,140.1
Joshua Dobbs,Tennessee,SEC,150.6
David Washington,Old Dominion,CUSA,156.6
Skyler Howard,West Virginia,Big 12,146.6
DeShone Kizer,Notre Dame,Ind,145.6
Sean White,Auburn,SEC,143.1
Justice Hansen,Arkansas State,Sun Belt,138.9
Jacob Park,Iowa State,Big 12,139.1
Deshaun Watson,Clemson,ACC,151.1
Danny Etling,LSU,SEC,135.6
Christian Chapman,San Diego State,MWC,149.2
Drew Lock,Missouri,SEC,133.3
Brent Stockstill,Middle Tennessee State,CUSA,150.2
Dallas Davis,South Alabama,Sun Belt,125.7
Zach Smith,Baylor,Big 12,139.3
Richard Lagow,Indiana,Big Ten,128.8
Dane Evans,Tulsa,American,142.9
Matt Linehan,Idaho,Sun Belt,136.7
Wilton Speight,Michigan,Big Ten,139.8
Stephen Johnson,Kentucky,SEC,130.9
Greg Ward Jr.,Houston,American,141.7
Cooper Rush,Central Michigan,MAC,133.2
Ryan Finley,North Carolina State,ACC,135.2
Shane Buechele,Texas,Big 12,136.0
Eric Dungey,Syracuse,ACC,138.2
Philip Nelson,East Carolina,American,141.5
Manny Wilkins,Arizona State,Pac-12,133.2
Tyler O'Connor,Michigan State,Big Ten,135.2
Dru Brown,Hawaii,MWC,139.3
Jason Driskel,Florida Atlantic,CUSA,125.6
Sefo Liufau,Colorado,Pac-12,132.6
Kenny Potter,San Jose State,MWC,132.5
Tommy Armstrong Jr,Nebraska,Big Ten,123.9
Perry Hills,Maryland,Big Ten,140.4
Brandon Dawkins,Arizona,Pac-12,124.0
Kenny Hill,Texas Christian,Big 12,129.2
Jalen Hurts,Alabama,SEC,139.1
Andrew Ford,Massachusetts,Ind,138.0
Dalton Sturm,UTSA,CUSA,135.5
Brogan Roback,Eastern Michigan,MAC,131.9
Conner Manning,Georgia State,Sun Belt,123.1
Luke Falk,Washington State,Pac-12,145.6
Troy Williams,Utah,Pac-12,121.0
Mitch Leidner,Minnesota,Big Ten,116.5
Bryant Shirreffs,Connecticut,American,122.2
Chase Litton,Marshall,CUSA,137.9
Taylor Lamb,Appalachian State,Sun Belt,129.9
Davis Webb,California,Pac-12,135.6
Brandon Silvers,Troy,Sun Belt,133.0
Ben Hicks,SMU,American,121.5
Ryan Metz,UTEP,CUSA,141.1
Clayton Thorson,Northwestern,Big Ten,125.9
J.T. Barrett,Ohio State,Big Ten,135.3
Trevor Knight,Texas A&M,SEC,123.2
Nick Fitzgerald,Mississippi State,SEC,124.3
Anthony Jennings,Louisiana,Sun Belt,119.6
Daniel Jones,Duke,ACC,126.3
Jacob Eason,Georgia,SEC,120.2
Kent Myers,Utah State,MWC,118.8
Alex McGough,Florida International,CUSA,121.2
Jesse Ertz,Kansas State,Big 12,121.6
David Blough,Purdue,Big Ten,119.4
Tyler Stehling,Rice,CUSA,124.0
Tyler Rogers,New Mexico State,Sun Belt,116.7
Riley Neal,Ball State,MAC,120.4
Kyle Shurmur,Vanderbilt,SEC,110.9
Tyler Jones,Texas State,Sun Belt,120.4
James Morgan,Bowling Green State,MAC,116.8
C.J. Beathard,Iowa,Big Ten,122.3
Kurt Benkert,Virginia,ACC,120.6
Chason Virgil,Fresno State,MWC,111.4
Patrick Towles,Boston College,ACC,113.2
Taysom Hill,Brigham Young,Ind,116.9
Hasaan Klugh,Charlotte,CUSA,116.5
Mason Fine,North Texas,CUSA,113.7
McKenzie Milton,UCF,American,113.0
John Wolford,Wake Forest,ACC,108.6
Tyree Jackson,Buffalo,MAC,104.7
Glen Cuiellette,Tulane,American,96.2
Baker Mayfield,Oklahoma,Big 12,198.9
McKenzie Milton,UCF,American,179.3
Mason Rudolph,Oklahoma State,Big 12,170.6
Drew Lock,Missouri,SEC,165.7
Logan Woodside,Toledo,MAC,162.2
Riley Ferguson,Memphis,American,161.2
Will Grier,West Virginia,Big 12,162.7
Jake Fromm,Georgia,SEC,160.1
Danny Etling,LSU,SEC,153.0
Bryant Shirreffs,Connecticut,American,153.6
Sam Darnold,USC,Pac-12,148.1
Lamar Jackson,Louisville,ACC,146.6
John Wolford,Wake Forest,ACC,158.0
Jarrett Stidham,Auburn,SEC,151.0
Trace McSorley,Penn State,Big Ten,153.7
Caleb Evans,Louisiana-Monroe,Sun Belt,144.4
Nick Stevens,Colorado State,MWC,148.0
Josh Rosen,UCLA,Pac-12,147.0
Andrew Ford,Massachusetts,Ind,151.1
Brett Rypien,Boise State,MWC,143.8
Alex Hornibrook,Wisconsin,Big Ten,148.6
J.T. Barrett,Ohio State,Big Ten,160.1
Quinton Flowers,South Florida,American,142.1
Jalen Hurts,Alabama,SEC,150.2
Jonathan Banks,Tulane,American,139.1
Justice Hansen,Arkansas State,Sun Belt,149.6
Taylor Lamb,Appalachian State,Sun Belt,152.2
Jake Browning,Washington,Pac-12,152.1
Jason Driskel,Florida Atlantic,CUSA,149.4
Nic Shimonek,Texas Tech,Big 12,152.1
Manny Wilkins,Arizona State,Pac-12,142.6
Mason Fine,North Texas,CUSA,144.2
Kenny Hill,Texas Christian,Big 12,148.4
Steven Montez,Colorado,Pac-12,137.7
Alex McGough,Florida International,CUSA,142.9
Conner Manning,Georgia State,Sun Belt,137.8
Marcus McMaryion,Fresno State,MWC,137.7
Armani Rogers,UNLV,MWC,122.9
Tyler Huntley,Utah,Pac-12,138.1
Christian Chapman,San Diego State,MWC,138.6
Ben Hicks,SMU,American,140.0
Josh Jackson,Virginia Tech,ACC,135.2
Mike White,Western Kentucky,CUSA,140.8
Malik Rosier,Miami (FL),ACC,131.1
James Blackman,Florida State,ACC,135.0
Nathan Rourke,Ohio,MAC,132.9
Gus Ragland,Miami (OH),MAC,137.6
K.J. Costello,Stanford,Pac-12,139.5
Ryan Finley,North Carolina State,ACC,136.0
Brandon Silvers,Troy,Sun Belt,135.8
Kyle Shurmur,Vanderbilt,SEC,137.6
Dalton Sturm,UTSA,CUSA,137.4
Shane Morris,Central Michigan,MAC,129.1
Tanner Lee,Nebraska,Big Ten,129.4
J'mar Smith,Louisiana Tech,CUSA,127.5
Ty Gangi,Nevada,MWC,138.8
Stephen Johnson,Kentucky,SEC,127.7
Matt Linehan,Idaho,Sun Belt,139.0
Zach Smith,Baylor,Big 12,118.9
Chazz Surratt,North Carolina,ACC,131.2
Tyler Rogers,New Mexico State,Sun Belt,130.5
Brogan Roback,Eastern Michigan,MAC,127.3
Jake Bentley,South Carolina,SEC,130.7
Kwadra Griggs,Southern Mississippi,CUSA,133.8
Chase Litton,Marshall,CUSA,131.4
Kelly Bryant,Clemson,ACC,131.7
Gardner Minshew,East Carolina,American,129.1
Thomas Sirk,East Carolina,American,118.8
Nathan Stanley,Iowa,Big Ten,135.1
A.J. Erdely,UAB,CUSA,131.8
Jordan Love,Utah State,MWC,119.3
Dru Brown,Hawaii,MWC,129.0
Brandon Wimbush,Notre Dame,Ind,121.4
Montel Aaron,San Jose State,MWC,116.0
Luke Falk,Washington State,Pac-12,137.0
Brian Lewerke,Michigan State,Big Ten,127.7
Josh Allen,Wyoming,MWC,127.8
Ross Bowers,California,Pac-12,122.1
Clayton Thorson,Northwestern,Big Ten,121.3
Eric Dungey,Syracuse,ACC,122.8
Richard Lagow,Indiana,Big Ten,124.8
Darell Garretson,Oregon State,Pac-12,115.3
Kent Myers,Utah State,MWC,123.7
Elijah Sindelar,Purdue,Big Ten,124.2
Jordan Davis,Louisiana,Sun Belt,118.8
Kurt Benkert,Virginia,ACC,124.1
Marcus Childers,Northern Illinois,MAC,126.6
Feleipe Franks,Florida,SEC,113.3
Damian Williams,Texas State,Sun Belt,116.7
Nick Fitzgerald,Mississippi State,SEC,117.5
George Bollas,Kent State,MAC,94.7
Kellen Mond,Texas A&M,SEC,108.8
Hayden Moore,Cincinnati,American,118.4
Daniel Jones,Duke,ACC,112.0
Peyton Bender,Kansas,Big 12,108.5
Steven Williams,Old Dominion,CUSA,103.9
Max Bortenschlager,Maryland,Big Ten,109.1
Hasaan Klugh,Charlotte,CUSA,96.1
Anthony Brown,Boston College,ACC,103.5
